Date,Account,Followers Gained,Tweets Added
2024-09-03,@imcoolchristian,19256,5211
2024-09-03,@MasculineBased,10670,5664
2024-09-03,@UsuallyPregnant,2214,6358
2024-09-03,@OneXOneY,4095,18045
2024-09-04,@imcoolchristian,19257,5196
2024-09-04,@MasculineBased,10673,5664
2024-09-04,@UsuallyPregnant,2215,6360
2024-09-04,@OneXOneY,4095,18045
2024-09-04,@imcoolchristian,25,1
2024-09-04,@MasculineBased,14,4
2024-09-04,@UsuallyPregnant,16,136
2024-09-04,@OneXOneY,13,194
2024-09-04,@imcoolchristian,19282,5197
2024-09-04,@MasculineBased,10687,5668
2024-09-04,@UsuallyPregnant,2231,6496
2024-09-04,@OneXOneY,4108,18239
2024-09-05,@imcoolchristian,35,133
2024-09-05,@MasculineBased,52,120
2024-09-05,@UsuallyPregnant,27,231
2024-09-05,@OneXOneY,27,195
2024-09-05,@imcoolchristian,19317,5330
2024-09-05,@MasculineBased,10739,5788
2024-09-05,@UsuallyPregnant,2260,6728
2024-09-05,@OneXOneY,4135,18436
2024-09-06,@imcoolchristian,49,202
2024-09-06,@MasculineBased,20,150
2024-09-06,@UsuallyPregnant,33,207
2024-09-06,@OneXOneY,32,286
2024-09-06,@imcoolchristian,19368,5665
2024-09-06,@MasculineBased,10783,6017
2024-09-06,@UsuallyPregnant,2343,7093
2024-09-06,@OneXOneY,4174,18870
2024-09-08,@imcoolchristian,41,151
2024-09-08,@MasculineBased,10,81
2024-09-08,@UsuallyPregnant,36,204
2024-09-08,@OneXOneY,6,248
2024-09-08,@imcoolchristian,19409,5816
2024-09-08,@MasculineBased,10793,6098
2024-09-08,@UsuallyPregnant,2379,7297
2024-09-08,@OneXOneY,4180,19118
2024-09-09,@imcoolchristian,-1,37
2024-09-09,@MasculineBased,0,4
2024-09-09,@UsuallyPregnant,29,213
2024-09-09,@OneXOneY,11,228
2024-09-09,@imcoolchristian,19408,5856
2024-09-09,@MasculineBased,10793,6102
2024-09-09,@UsuallyPregnant,2408,7512
2024-09-09,@OneXOneY,4191,19349
2024-09-10,@imcoolchristian,1,135
2024-09-10,@MasculineBased,28,134
2024-09-10,@UsuallyPregnant,27,190
2024-09-10,@OneXOneY,34,175
2024-09-10,@imcoolchristian,19409,5991
2024-09-10,@MasculineBased,10821,6236
2024-09-10,@UsuallyPregnant,2435,7702
2024-09-10,@OneXOneY,4225,19524
2024-09-11,@imcoolchristian,-6,109
2024-09-11,@MasculineBased,23,171
2024-09-11,@UsuallyPregnant,46,171
2024-09-11,@OneXOneY,15,284
2024-09-11,@imcoolchristian,19403,6100
2024-09-11,@MasculineBased,10844,6407
2024-09-11,@UsuallyPregnant,2481,7873
2024-09-11,@OneXOneY,4240,19808
2024-09-12,@imcoolchristian,-10,4
2024-09-12,@MasculineBased,40,102
2024-09-12,@UsuallyPregnant,45,149
2024-09-12,@OneXOneY,31,189
2024-09-12,@imcoolchristian,19393,6104
2024-09-12,@MasculineBased,10884,6509
2024-09-12,@UsuallyPregnant,2526,8022
2024-09-12,@OneXOneY,4271,19997
2024-09-13,@imcoolchristian,-1,11
2024-09-13,@MasculineBased,58,177
2024-09-13,@UsuallyPregnant,50,224
2024-09-13,@OneXOneY,21,186
2024-09-13,@imcoolchristian,19392,6115
2024-09-13,@MasculineBased,10942,6686
2024-09-13,@UsuallyPregnant,2576,8248
2024-09-13,@OneXOneY,4292,20184
2024-09-14,@imcoolchristian,34,237
2024-09-14,@MasculineBased,42,115
2024-09-14,@UsuallyPregnant,31,106
2024-09-14,@OneXOneY,16,184
2024-09-14,@imcoolchristian,19426,6352
2024-09-14,@MasculineBased,10984,6801
2024-09-14,@UsuallyPregnant,2607,8354
2024-09-14,@OneXOneY,4308,20368
2024-09-15,@imcoolchristian,16,165
2024-09-15,@MasculineBased,21,115
2024-09-15,@UsuallyPregnant,26,192
2024-09-15,@OneXOneY,25,289
2024-09-15,@imcoolchristian,19442,6518
2024-09-15,@MasculineBased,11005,6916
2024-09-15,@UsuallyPregnant,2633,8546
2024-09-15,@OneXOneY,4333,20659
2024-09-16,@imcoolchristian,14,111
2024-09-16,@MasculineBased,7,1
2024-09-16,@UsuallyPregnant,44,285
2024-09-16,@OneXOneY,12,175
2024-09-16,@imcoolchristian,19456,6629
2024-09-16,@MasculineBased,11012,6917
2024-09-16,@UsuallyPregnant,2677,8834
2024-09-16,@OneXOneY,4345,20834
2024-09-17,@imcoolchristian,25,136
2024-09-17,@MasculineBased,22,148
2024-09-17,@UsuallyPregnant,56,208
2024-09-17,@OneXOneY,18,234
2024-09-17,@imcoolchristian,19481,6765
2024-09-17,@MasculineBased,11034,7065
2024-09-17,@UsuallyPregnant,2733,9042
2024-09-17,@OneXOneY,4363,21068
2024-09-18,@imcoolchristian,16,127
2024-09-18,@MasculineBased,31,168
2024-09-18,@UsuallyPregnant,50,262
2024-09-18,@OneXOneY,33,301
2024-09-18,@imcoolchristian,19497,6892
2024-09-18,@MasculineBased,11065,7233
2024-09-18,@UsuallyPregnant,2783,9304
2024-09-18,@OneXOneY,4396,21370
2024-09-19,@imcoolchristian,66,108
2024-09-19,@MasculineBased,52,148
2024-09-19,@UsuallyPregnant,53,336
2024-09-19,@OneXOneY,25,230
2024-09-19,@imcoolchristian,19563,7000
2024-09-19,@MasculineBased,11117,7381
2024-09-19,@UsuallyPregnant,2836,9640
2024-09-19,@OneXOneY,4421,21600
2024-09-20,@MasculineBased,79,225
2024-09-20,@UsuallyPregnant,22,204
2024-09-20,@OneXOneY,37,261
2024-09-20,@imcoolchristian,19574,7100
2024-09-20,@MasculineBased,11196,7606
2024-09-20,@UsuallyPregnant,2858,9844
2024-09-20,@OneXOneY,4458,21861
2024-09-21,@imcoolchristian,88,282
2024-09-21,@MasculineBased,23,12
2024-09-21,@UsuallyPregnant,21,83
2024-09-21,@OneXOneY,22,338
2024-09-21,@imcoolchristian,19662,7383
2024-09-21,@MasculineBased,11219,7618
2024-09-21,@UsuallyPregnant,2879,9928
2024-09-21,@OneXOneY,4480,22199
2024-09-22,@imcoolchristian,86,252
2024-09-22,@MasculineBased,22,172
2024-09-22,@UsuallyPregnant,31,260
2024-09-22,@OneXOneY,15,207
2024-09-22,@imcoolchristian,19748,7637
2024-09-22,@MasculineBased,11241,7790
2024-09-22,@UsuallyPregnant,2910,10188
2024-09-22,@OneXOneY,4495,22406
2024-09-23,@imcoolchristian,26,95
2024-09-23,@MasculineBased,23,43
2024-09-23,@UsuallyPregnant,41,220
2024-09-23,@OneXOneY,32,272
2024-09-23,@imcoolchristian,19774,7733
2024-09-23,@MasculineBased,11265,7833
2024-09-23,@UsuallyPregnant,2951,10409
2024-09-23,@OneXOneY,4527,22679
2024-09-24,@imcoolchristian,-5,112
2024-09-24,@MasculineBased,53,125
2024-09-24,@UsuallyPregnant,50,290
2024-09-24,@OneXOneY,30,319
2024-09-24,@imcoolchristian,19769,7846
2024-09-24,@MasculineBased,11318,7958
2024-09-24,@UsuallyPregnant,3001,10702
2024-09-24,@OneXOneY,4557,23001
2024-09-25,@imcoolchristian,24,117
2024-09-25,@MasculineBased,45,129
2024-09-25,@UsuallyPregnant,33,213
2024-09-25,@OneXOneY,22,324
2024-09-25,@imcoolchristian,19793,7964
2024-09-25,@MasculineBased,11363,8087
2024-09-25,@UsuallyPregnant,3034,10917
2024-09-25,@OneXOneY,4579,23326
2024-09-26,@imcoolchristian,-11,50
2024-09-26,@MasculineBased,38,133
2024-09-26,@UsuallyPregnant,46,259
2024-09-26,@OneXOneY,27,358
2024-09-26,@imcoolchristian,19782,8015
2024-09-26,@MasculineBased,11401,8220
2024-09-26,@UsuallyPregnant,3080,11177
2024-09-26,@OneXOneY,4606,23687
2024-09-27,@imcoolchristian,17,30
2024-09-27,@MasculineBased,40,120
2024-09-27,@UsuallyPregnant,34,189
2024-09-27,@OneXOneY,83,201
2024-09-27,@imcoolchristian,19799,8046
2024-09-27,@MasculineBased,11441,8340
2024-09-27,@UsuallyPregnant,3114,11368
2024-09-27,@OneXOneY,4689,23889
2024-09-28,@imcoolchristian,19799,8046
2024-09-28,@MasculineBased,11441,8340
2024-09-28,@UsuallyPregnant,3114,11368
2024-09-28,@OneXOneY,4689,23889
2024-09-29,@imcoolchristian,58,615
2024-09-29,@MasculineBased,62,207
2024-09-29,@UsuallyPregnant,87,368
2024-09-29,@OneXOneY,45,552
2024-09-29,@imcoolchristian,19857,8663
2024-09-29,@MasculineBased,11503,8547
2024-09-29,@UsuallyPregnant,3202,11736
2024-09-29,@OneXOneY,4734,24441
2024-09-30,@imcoolchristian,30,136
2024-09-30,@MasculineBased,-2,26
2024-09-30,@UsuallyPregnant,46,193
2024-09-30,@OneXOneY,27,233
2024-09-30,@imcoolchristian,19887,8800
2024-09-30,@MasculineBased,11501,8573
2024-09-30,@UsuallyPregnant,3248,11929
2024-09-30,@OneXOneY,4761,24675
2024-10-01,@imcoolchristian,23,93
2024-10-01,@MasculineBased,39,171
2024-10-01,@UsuallyPregnant,55,304
2024-10-01,@OneXOneY,34,272
2024-10-01,@imcoolchristian,19910,8894
2024-10-01,@MasculineBased,11540,8744
2024-10-01,@UsuallyPregnant,3304,12233
2024-10-01,@OneXOneY,4795,24949
2024-10-02,@imcoolchristian,37,31
2024-10-02,@MasculineBased,31,73
2024-10-02,@UsuallyPregnant,56,289
2024-10-02,@OneXOneY,28,310
2024-10-02,@imcoolchristian,19947,8926
2024-10-02,@MasculineBased,11571,8817
2024-10-02,@UsuallyPregnant,3360,12522
2024-10-02,@OneXOneY,4823,25259
2024-10-03,@imcoolchristian,33,79
2024-10-03,@MasculineBased,18,148
2024-10-03,@UsuallyPregnant,40,230
2024-10-03,@OneXOneY,1,197
2024-10-03,@imcoolchristian,19980,9006
2024-10-03,@MasculineBased,11589,8965
2024-10-03,@UsuallyPregnant,3400,12752
2024-10-03,@OneXOneY,4824,25457
2024-10-04,@imcoolchristian,49,116
2024-10-04,@MasculineBased,47,100
2024-10-04,@UsuallyPregnant,48,264
2024-10-04,@OneXOneY,4,171
2024-10-04,@imcoolchristian,20029,9123
2024-10-04,@MasculineBased,11636,9065
2024-10-04,@UsuallyPregnant,3448,13017
2024-10-04,@OneXOneY,4828,25629
2024-10-05,@imcoolchristian,33,213
2024-10-05,@MasculineBased,40,130
2024-10-05,@UsuallyPregnant,47,211
2024-10-05,@OneXOneY,53,331
2024-10-05,@imcoolchristian,20062,9337
2024-10-05,@MasculineBased,11676,9195
2024-10-05,@UsuallyPregnant,3495,13230
2024-10-05,@OneXOneY,4882,25960
2024-10-06,@imcoolchristian,62,310
2024-10-06,@MasculineBased,38,178
2024-10-06,@UsuallyPregnant,73,332
2024-10-06,@OneXOneY,25,313
2024-10-06,@imcoolchristian,20124,9648
2024-10-06,@MasculineBased,11714,9373
2024-10-06,@UsuallyPregnant,3568,13563
2024-10-06,@OneXOneY,4907,26274
2024-10-07,@imcoolchristian,48,148
2024-10-07,@MasculineBased,63,120
2024-10-07,@UsuallyPregnant,133,287
2024-10-07,@OneXOneY,27,265
2024-10-07,@imcoolchristian,20173,9797
2024-10-07,@MasculineBased,11777,9493
2024-10-07,@UsuallyPregnant,3701,13850
2024-10-07,@OneXOneY,4934,26540
2024-10-08,@imcoolchristian,10,148
2024-10-08,@MasculineBased,137,150
2024-10-08,@UsuallyPregnant,123,261
2024-10-08,@OneXOneY,46,287
2024-10-08,@imcoolchristian,20182,9946
2024-10-08,@MasculineBased,11914,9643
2024-10-08,@UsuallyPregnant,3824,14111
2024-10-08,@OneXOneY,4980,26828
2024-10-09,@imcoolchristian,24,154
2024-10-09,@MasculineBased,69,76
2024-10-09,@UsuallyPregnant,82,229
2024-10-09,@OneXOneY,21,258
2024-10-09,@imcoolchristian,20206,10101
2024-10-09,@MasculineBased,11983,9719
2024-10-09,@UsuallyPregnant,3906,14340
2024-10-09,@OneXOneY,5001,27086
2024-10-10,@imcoolchristian,65,139
2024-10-10,@MasculineBased,26,103
2024-10-10,@UsuallyPregnant,64,255
2024-10-10,@OneXOneY,13,250
2024-10-10,@imcoolchristian,20271,10241
2024-10-10,@MasculineBased,12009,9822
2024-10-10,@UsuallyPregnant,3970,14595
2024-10-10,@OneXOneY,5014,27336
2024-10-11,@imcoolchristian,23,92
2024-10-11,@MasculineBased,53,153
2024-10-11,@UsuallyPregnant,87,276
2024-10-11,@OneXOneY,28,320
2024-10-11,@imcoolchristian,20294,10334
2024-10-11,@MasculineBased,12062,9975
2024-10-11,@UsuallyPregnant,4057,14871
2024-10-11,@OneXOneY,5042,27656
2024-10-12,@imcoolchristian,79,287
2024-10-12,@MasculineBased,32,125
2024-10-12,@UsuallyPregnant,36,129
2024-10-12,@OneXOneY,18,245
2024-10-12,@imcoolchristian,20373,10621
2024-10-12,@MasculineBased,12094,10100
2024-10-12,@UsuallyPregnant,4093,15000
2024-10-12,@OneXOneY,5060,27902
2024-10-13,@imcoolchristian,41,352
2024-10-13,@MasculineBased,45,58
2024-10-13,@UsuallyPregnant,47,228
2024-10-13,@OneXOneY,75,236
2024-10-13,@imcoolchristian,20414,10974
2024-10-13,@MasculineBased,12139,10158
2024-10-13,@UsuallyPregnant,4140,15228
2024-10-13,@OneXOneY,5135,28138
2024-10-14,@imcoolchristian,17,132
2024-10-14,@MasculineBased,5,22
2024-10-14,@UsuallyPregnant,60,321
2024-10-14,@OneXOneY,26,337
2024-10-14,@imcoolchristian,20431,11106
2024-10-14,@MasculineBased,12144,10180
2024-10-14,@UsuallyPregnant,4200,15552
2024-10-14,@OneXOneY,5161,28476
2024-10-15,@imcoolchristian,10,130
2024-10-15,@MasculineBased,49,211
2024-10-15,@UsuallyPregnant,61,254
2024-10-15,@OneXOneY,20,317
2024-10-15,@imcoolchristian,20441,11236
2024-10-15,@MasculineBased,12193,10391
2024-10-15,@UsuallyPregnant,4261,15807
2024-10-15,@OneXOneY,5181,28794
2024-10-16,@imcoolchristian,1,102
2024-10-16,@MasculineBased,31,22
2024-10-16,@UsuallyPregnant,43,276
2024-10-16,@OneXOneY,27,304
2024-10-16,@imcoolchristian,20442,11338
2024-10-16,@MasculineBased,12224,10413
2024-10-16,@UsuallyPregnant,4304,16085
2024-10-16,@OneXOneY,5208,29098
2024-10-18,@imcoolchristian,-6,276
2024-10-18,@MasculineBased,27,234
2024-10-18,@UsuallyPregnant,65,440
2024-10-18,@OneXOneY,15,729
2024-10-18,@imcoolchristian,20436,11614
2024-10-18,@MasculineBased,12251,10647
2024-10-18,@UsuallyPregnant,4369,16525
2024-10-18,@OneXOneY,5223,29827
2024-10-19,@imcoolchristian,20489,11900
2024-10-19,@MasculineBased,12309,10842
2024-10-19,@UsuallyPregnant,4414,16659
2024-10-19,@OneXOneY,5255,30111
2024-10-19,@imcoolchristian,20489,11900
2024-10-19,@MasculineBased,12310,10842
2024-10-19,@UsuallyPregnant,4414,16659
2024-10-19,@OneXOneY,5255,30111
2024-10-21,@UsuallyPregnant,4470,16950
2024-10-21,@OneXOneY,5301,30349
2024-10-21,@imcoolchristian,20546,12425
2024-10-21,@MasculineBased,12372,10939
2024-10-21,@UsuallyPregnant,4470,16950
2024-10-21,@OneXOneY,5301,30350
2024-10-22,@imcoolchristian,20557,12581
2024-10-22,@MasculineBased,12455,11128
2024-10-22,@UsuallyPregnant,4539,17240
2024-10-22,@OneXOneY,5327,30593
2024-10-22,@imcoolchristian,20557,12582
2024-10-22,@MasculineBased,12455,11128
2024-10-22,@UsuallyPregnant,4539,17240
2024-10-22,@OneXOneY,5327,30593
2024-10-23,@imcoolchristian,20570,12732
2024-10-23,@MasculineBased,12556,11228
2024-10-23,@UsuallyPregnant,4601,17562
2024-10-23,@OneXOneY,5360,30991
2024-10-23,@imcoolchristian,20570,12733
2024-10-23,@MasculineBased,12556,11228
2024-10-23,@UsuallyPregnant,4601,17562
2024-10-23,@OneXOneY,5360,30991
2024-10-24,@imcoolchristian,20483,12854
2024-10-24,@MasculineBased,12460,11340
2024-10-24,@UsuallyPregnant,4624,17856
2024-10-24,@OneXOneY,5330,31281
2024-10-24,@imcoolchristian,20483,12855
2024-10-24,@MasculineBased,12460,11340
2024-10-24,@UsuallyPregnant,4624,17856
2024-10-24,@OneXOneY,5330,31281
2024-10-25,@imcoolchristian,20607,13041
2024-10-25,@MasculineBased,12623,11419
2024-10-25,@UsuallyPregnant,4803,18076
2024-10-25,@OneXOneY,5422,31686
2024-10-25,@imcoolchristian,20608,13042
2024-10-25,@MasculineBased,12623,11420
2024-10-25,@UsuallyPregnant,4803,18076
2024-10-25,@OneXOneY,5422,31686
2024-10-26,@imcoolchristian,20608,13042
2024-10-26,@MasculineBased,12623,11420
2024-10-26,@UsuallyPregnant,4803,18076
2024-10-26,@OneXOneY,5422,31686
2024-10-26,@imcoolchristian,20670,13300
2024-10-26,@MasculineBased,12676,11607
2024-10-26,@UsuallyPregnant,4905,18294
2024-10-26,@OneXOneY,5473,32179
2024-10-26,@imcoolchristian,20670,13301
2024-10-26,@MasculineBased,12676,11607
2024-10-26,@UsuallyPregnant,4905,18294
2024-10-26,@OneXOneY,5474,32180
2024-10-27,@imcoolchristian,20724,13534
2024-10-27,@MasculineBased,12712,11610
2024-10-27,@UsuallyPregnant,4941,18477
2024-10-27,@OneXOneY,5509,32281
2024-10-27,@imcoolchristian,20724,13534
2024-10-27,@MasculineBased,12712,11610
2024-10-27,@UsuallyPregnant,4941,18477
2024-10-27,@OneXOneY,5509,32281
2024-10-28,@imcoolchristian,20759,13784
2024-10-28,@MasculineBased,12717,11626
2024-10-28,@UsuallyPregnant,4985,18696
2024-10-28,@OneXOneY,5540,32450
2024-10-28,@imcoolchristian,20759,13784
2024-10-28,@MasculineBased,12717,11626
2024-10-28,@UsuallyPregnant,4985,18697
2024-10-28,@OneXOneY,5540,32451
2024-10-30,@imcoolchristian,20797,14180
2024-10-30,@MasculineBased,12729,11911
2024-10-30,@UsuallyPregnant,5079,19262
2024-10-30,@OneXOneY,5590,32939
2024-10-31,@imcoolchristian,20847,14338
2024-10-31,@MasculineBased,12812,12023
2024-10-31,@UsuallyPregnant,5157,19525
2024-10-31,@OneXOneY,5607,33266
2024-11-01,@imcoolchristian,20871,14470
2024-11-01,@MasculineBased,12844,12137
2024-11-01,@UsuallyPregnant,5195,19749
2024-11-01,@OneXOneY,5642,33604
2024-11-04,@imcoolchristian,21026,15014
2024-11-04,@MasculineBased,12978,12363
2024-11-04,@UsuallyPregnant,5427,20805
2024-11-04,@OneXOneY,5681,34196
2024-11-05,@imcoolchristian,21042,15168
2024-11-05,@MasculineBased,13022,12448
2024-11-05,@UsuallyPregnant,5490,20974
2024-11-05,@OneXOneY,5706,34399
2024-11-06,@imcoolchristian,21058,15358
2024-11-06,@MasculineBased,13124,12578
2024-11-06,@UsuallyPregnant,5572,21307
2024-11-06,@OneXOneY,5729,34794
2024-11-07,@imcoolchristian,21076,15650
2024-11-07,@MasculineBased,13251,12841
2024-11-07,@UsuallyPregnant,5717,21679
2024-11-07,@OneXOneY,5686,35068
