2024-09-05,Cool Christian Engineer ğŸ’¡,Christ is King. https://t.co/zIEKSPIZH7,28,Jess
2024-09-05,Cool Christian Engineer ğŸ’¡,CHRIST IS KING. https://t.co/OCe5TbFlBJ,25,Jess
2024-09-05,Cool Christian Engineer ğŸ’¡,Perfect combination. https://t.co/6Ma4pEKFkD,18,Jess
2024-09-05,Masculine Based,So that's how Biden thinks. https://t.co/wSOvgwffWY,26,Edrian K
2024-09-05,Masculine Based,You seem to have forgotten about this Curry. https://t.co/Ei73j6FhZW,38,Edrian K
2024-09-05,OneXOneY,JD Vance just served Liz Cheney and Kamala Harris a taste of their own medicine.,30,Liz
2024-09-05,OneXOneY,"Step 1: Check your voter registration. 

Step 2: Tell everyone you know to do the same. 

Step 3: Feel like a superhero for democracy.",16,Liz
2024-09-05,Cool Christian Engineer ğŸ’¡,Christ is King.,28,Jess
2024-09-05,Cool Christian Engineer ğŸ’¡,CHRIST IS KING.,25,Jess
2024-09-05,Cool Christian Engineer ğŸ’¡,Perfect combination.,18,Jess
2024-09-05,Masculine Based,So that's how Biden thinks.,26,Edrian K
2024-09-05,Masculine Based,You seem to have forgotten about this Curry.,38,Edrian K
2024-09-05,OneXOneY,JD Vance just served Liz Cheney and Kamala Harris a taste of their own medicine.,30,Liz
2024-09-05,OneXOneY,"Step 1: Check your voter registration. 

Step 2: Tell everyone you know to do the same. 

Step 3: Feel like a superhero for democracy.",16,Liz
2024-09-06,Cool Christian Engineer ğŸ’¡,No sense of decency.,181,Jess
2024-09-06,Cool Christian Engineer ğŸ’¡,He just became an enabler for murderers.,28,Jess
2024-09-06,Cool Christian Engineer ğŸ’¡,You will never lose if God is on your side.,22,Jess
2024-09-06,Masculine Based,FBI will never listen.,50,Edrian K
2024-09-06,Masculine Based,It's more clear now. Trump 2024!,27,Edrian K
2024-09-06,Masculine Based,Trump is coming.,24,Edrian K
2024-09-06,OneXOneY,Imagine them.,25,Liz
2024-09-06,OneXOneY,And here.,22,Liz
2024-09-07,Cool Christian Engineer ğŸ’¡,Trump is taking a strong stance against the cartels Time to flex some serious strength at the border.,14,Lynneth
2024-09-07,Masculine Based,The funny things is many people in America considering voting for this clown.,20,Edrian K
2024-09-07,OneXOneY,Make America Great Again ğŸ‡ºğŸ‡¸,16,Sheila
2024-09-07,Cool Christian Engineer ğŸ’¡,Trump is taking a strong stance against the cartels Time to flex some serious strength at the border.,15,Lynneth
2024-09-07,Masculine Based,The funny things is many people in America considering voting for this clown.,20,Edrian K
2024-09-07,OneXOneY,Make America Great Again ğŸ‡ºğŸ‡¸,16,Sheila
2024-09-09,Cool Christian Engineer ğŸ’¡,"32 kids found is a huge win, but thereâ€™s still a lot of work ahead. Every recovery is a step in the right direction!",16,Jess
2024-09-09,Cool Christian Engineer ğŸ’¡,HOMESCHOOL THE KIDSâ€”ITâ€™S NO LONGER SAFE OUTSIDE.,14,Jess
2024-09-09,Cool Christian Engineer ğŸ’¡,Make aMEOWrica Great Again! ğŸ˜¹ğŸ˜¹ğŸ˜¹,14,Jess
2024-09-09,Masculine Based,The difference now.,91,Edrian K
2024-09-09,Masculine Based,Misgender? So Science is wrong?,28,Edrian K
2024-09-09,Masculine Based,This is more accurate now.,25,Edrian K
2024-09-09,Barefoot Pregnant,Save all not one but all.,53,John
2024-09-09,Barefoot Pregnant,Only trump can save us!,47,John
2024-09-09,OneXOneY,Protect them.,12,Liz
2024-09-10,Masculine Based,How about this one?,142,Edrian K
2024-09-10,Masculine Based,Never give up the meat!,15,Edrian K
2024-09-10,OneXOneY,"Kâ€™s â€œreal Election Dayâ€ strategy memorize, dodge, and insult. Meanwhile, Trumpâ€™s out here winning with genuine, straight-shooting answers.",18,Liz
2024-09-10,OneXOneY,Donald to Donald talk!!,18,Liz
2024-09-12,Masculine Based,What should we expect from Kamala?,179,Edrian K
2024-09-12,Masculine Based,"Well, This is kamala we're talking about.",126,Edrian K
2024-09-12,Masculine Based,People love Trump because he will risk his life just to fight for our country.,80,Edrian K
2024-09-12,Barefoot Pregnant,TAXATION IS THEFT. This is the way!,83,John
2024-09-12,Barefoot Pregnant,They can't compete if they don't cheat.,51,John
2024-09-12,Barefoot Pregnant,Kamala has a new idea to grab.,11,John
2024-09-12,OneXOneY,Bring it on!,23,Liz
2024-09-12,OneXOneY,"Denverâ€™s new motto: Sheltering the world, while our own cities pay the price.",19,Liz
2024-09-13,Cool Christian Engineer ğŸ’¡,"Trudeau can step down now, along with Zelensky. These leaders who are only thinking about wars instead of focusing on how to make peace and fix their countries. ğŸ¤¦â€â™‚ï¸",22,Jess
2024-09-13,Cool Christian Engineer ğŸ’¡,He really hates Kamala.,14,Jess
2024-09-13,Cool Christian Engineer ğŸ’¡,They really want to make life so much harder.,13,Jess
2024-09-13,Masculine Based,2024 is crazy.,51,Edrian K
2024-09-13,Masculine Based,Leftist hated this.,21,Edrian K
2024-09-13,Masculine Based,This is the future Kamala want!,12,Edrian K
2024-09-13,Barefoot Pregnant,Sheâ€™s adding drama to her playlist! ğŸ¶ğŸšª,99,Liz
2024-09-13,Barefoot Pregnant,Do you still need her?,34,Liz
2024-09-14,Masculine Based,Taylor is a big joke.,86,Edrian K
2024-09-15,Cool Christian Engineer ğŸ’¡,If the would-be assassin had a GoPro it indicates a troubling level of planning and intent.,50,Lynneth
2024-09-15,Cool Christian Engineer ğŸ’¡,Absolutely.â¤ï¸,14,Lynneth
2024-09-16,Cool Christian Engineer ğŸ’¡,"HOMESCHOOL THE KIDS, IT'S NO LONGER SAFE OUTSIDE.",114,Jess
2024-09-16,Cool Christian Engineer ğŸ’¡,"They can't keep calling it a conspiracy because it always turns out to be true based on the evidence thatâ€™s coming out. It's all planned, and they're busted.",43,Jess
2024-09-16,Cool Christian Engineer ğŸ’¡,"Thereâ€™s no way itâ€™s a coincidence and conspiracy, yâ€™all just canâ€™t claim itâ€™s planned again.",41,Jess
2024-09-16,Masculine Based,They never trust the Science anymore.,74,Edrian K
2024-09-16,Masculine Based,Libs everyday.,28,Edrian K
2024-09-16,Barefoot Pregnant,And this!,16,Liz
2024-09-17,Cool Christian Engineer ğŸ’¡,We should all know why.,66,Jess
2024-09-17,Cool Christian Engineer ğŸ’¡,"âš ï¸âš ï¸âš ï¸HOMESCHOOL THE KIDS, THEY'RE NO LONGER SAFE OUTSIDE. âš ï¸âš ï¸âš ï¸",58,Jess
2024-09-17,Cool Christian Engineer ğŸ’¡,We all know why.,29,Jess
2024-09-17,Masculine Based,Kamala before going.,61,Edrian K
2024-09-17,Masculine Based,REGISTER AND VOTE FOR TRUMP!,50,Edrian K
2024-09-17,Masculine Based,Israel only job.,28,Edrian K
2024-09-17,OneXOneY,Another reason we need Trumpâ€™s strong leadership to clean house and keep America safe!,3,John
2024-09-18,Cool Christian Engineer ğŸ’¡,We can also reduce the politicians who are making the country worse. Itâ€™s better if it starts with you. Step down now.,16,Jess
2024-09-18,Cool Christian Engineer ğŸ’¡,"Hmmm... in short, they're planning for something, just like when Obama won in 2008.",6,Jess
2024-09-18,Cool Christian Engineer ğŸ’¡,Uhm... BOTH!,2,Jess
2024-09-18,Masculine Based,She belong to this.,41,Edrian K
2024-09-18,Masculine Based,The party that wants to ban disinformation.,30,Edrian K
2024-09-18,Masculine Based,We must do it.,19,Edrian K
2024-09-18,Barefoot Pregnant,Things to worry about.,12,Liz
2024-09-19,Cool Christian Engineer ğŸ’¡,"They're doing everything to stop Trump. Because of this, innocent lives are being affected too. Is this how they will take care of America and its citizens???",178,Jess
2024-09-19,Cool Christian Engineer ğŸ’¡,"They will do ANYTHING just to stop him. Trump needs extreme security that will truly do their job to protect him. More importantly, God is on his side.",25,Jess
2024-09-19,Cool Christian Engineer ğŸ’¡,"Here they are again, making life harder.",14,Jess
2024-09-19,Masculine Based,Newsom be like.,274,Edrian K
2024-09-19,Masculine Based,They need this box of pills.,41,Edrian K
2024-09-19,Masculine Based,They will never beat trump!,30,Edrian K
2024-09-19,Barefoot Pregnant,Trumpâ€™s got divine protection on speed dial.,14,Liz
2024-09-20,Cool Christian Engineer ğŸ’¡,TRUMP ALWAYS SPEAKS THE TRUTH.,209,Jess
2024-09-20,Cool Christian Engineer ğŸ’¡,"Here's a little reminder, folks!",156,Jess
2024-09-20,Cool Christian Engineer ğŸ’¡,"Given all the attempts on his life, Trump deserves every possible protection available to him. May God protect him even more.",28,Jess
2024-09-20,Masculine Based,Give him the box!!,14,Edrian K
2024-09-20,OneXOneY,Trumpâ€™s got the real support from the people!,19,John
2024-09-21,Masculine Based,"They can do whatever they want, but they will never ruin the Elon and Trump tandem.",59,Edrian K
2024-09-21,Masculine Based,He's right. We can't afford 4 more years of Harris. ğŸ˜‚ğŸ˜‚ğŸ˜‚,12,Edrian K
2024-09-21,Masculine Based,He finally said the truth. We can't afford 4 more years of Harris! ğŸ˜‚,1,Edrian K
2024-09-21,Barefoot Pregnant,Looks like Kamala's become the poster child for what not to do in office!,31,Raine
2024-09-21,Barefoot Pregnant,Kamala supporters be like...,11,Raine
2024-09-21,OneXOneY,"Michelleâ€™s got a new drink, but Trumpâ€™s the one whoâ€™s bringing the real refreshment ,  a strong economy and American pride!",16,Sheila
