2024-09-05,Cool Christian Engineer ğŸ’¡,Christ is King.,345,Jess
2024-09-05,Cool Christian Engineer ğŸ’¡,CHRIST IS KING.,127,Jess
2024-09-05,Cool Christian Engineer ğŸ’¡,Perfect combination.,100,Jess
2024-09-05,Masculine Based,So that's how Biden thinks.,571,Edrian K
2024-09-05,Masculine Based,You seem to have forgotten about this Curry.,353,Edrian K
2024-09-05,Masculine Based,"He knows that if Kamala wins, America will become one of the weakest countries.",145,Edrian K
2024-09-05,Barefoot Pregnant,Thatâ€™s an intriguing move by Trump!,77,John
2024-09-05,OneXOneY,JD Vance just served Liz Cheney and Kamala Harris a taste of their own medicine.,356,Liz
2024-09-05,OneXOneY,Is it?????Oh my!!!,219,Liz
2024-09-05,OneXOneY,Step 1: Check your voter registration.  Step 2: Tell everyone you know to do the same.  Step 3: Feel like a superhero for democracy.,109,Liz2024-09-08,Cool Christian Engineer ğŸ’¡,Clearly Brazilians are looking for real freedom and that includes the freedom of speech.,66,Lynneth
2024-09-08,Barefoot Pregnant,I don't understand what's happening in the UK right now; they need a hard reset.,52,Raine
2024-09-08,Barefoot Pregnant,"Lula cleared the fields, but the only thing missing was the crowd. Seems like Brazilians are waiting for freedom, not just a parade.",51,Raine
2024-09-08,Barefoot Pregnant,"Looks like Stew Peters got a VIP pass to nowhere! Tucker's guest list must have had a ""no drama"" clause.",49,Raine
2024-09-08,OneXOneY,It's crazy how so many people in America are actually thinking about voting for this clown.,59,Sheila
2024-09-09,Cool Christian Engineer ğŸ’¡,"32 kids found is a huge win, but thereâ€™s still a lot of work ahead. Every recovery is a step in the right direction!",85,Jess
2024-09-09,Cool Christian Engineer ğŸ’¡,"If other kids' parents canâ€™t ace parenting, at least sheâ€™s winning â€˜Mom of the Yearâ€™ for her daughter!",79,Jess
2024-09-09,Cool Christian Engineer ğŸ’¡,"Great, kids get free dental care! Too bad thereâ€™s no plan yet to help parents afford the bills or buy groceries. Guess weâ€™re still flossing over the real issues!",75,Jess
2024-09-09,Masculine Based,The difference now.,330,Edrian K
2024-09-09,Masculine Based,Stop being impressive Dems.,164,Edrian K
2024-09-09,Masculine Based,Your new puppet is ready to implement that.,68,Edrian K
2024-09-09,Barefoot Pregnant,Only trump can save us!,259,John
2024-09-09,Barefoot Pregnant,Save all not one but all.,247,John
2024-09-09,Barefoot Pregnant,Save the pets President trump!,53,John
2024-09-09,OneXOneY,Protect them.,71,Liz
2024-09-09,OneXOneY,Vote for Trump!!,70,Liz
2024-09-10,Masculine Based,How about this one?,530,Edrian K
2024-09-10,Masculine Based,Never give up the meat!,421,Edrian K
2024-09-10,Masculine Based,Only cool guy vote for Trump!,72,Edrian K
2024-09-10,Barefoot Pregnant,If true this could impact everything from local politics to national security.,56,John
2024-09-10,OneXOneY,"Kâ€™s â€œreal Election Dayâ€ strategy memorize, dodge, and insult. Meanwhile, Trumpâ€™s out here winning with genuine, straight-shooting answers.",443,Liz
2024-09-10,OneXOneY,Donald to Donald talk!!,123,Liz
2024-09-10,OneXOneY,Shailene Woodley showing some guts while others lose their minds over a post.,79,Liz
2024-09-11,Masculine Based,2024 is crazy.,1767,Edrian K
2024-09-11,Masculine Based,Biden after this debate.,800,Edrian K
2024-09-11,Masculine Based,He's tired on Kamala sh1t.,689,Edrian K
2024-09-11,Barefoot Pregnant,Trumpâ€™s not just playing to win the debate heâ€™s exposing the whole charade.,755,John
2024-09-11,Barefoot Pregnant,Trump stands firm on protecting life and putting Americaâ€™s core principles first.,382,John
2024-09-11,Barefoot Pregnant,"Fact check Trump like itâ€™s a full time job, while Harris gets a free pass on everything else.",315,John
2024-09-11,OneXOneY,"Trumpâ€™s rallies focus on real issues, not just talking about the usual political noise.",548,Liz
2024-09-11,OneXOneY,Drag Biden out of bed and sign that border bill now thatâ€™s a wake-up call Kamala canâ€™t ignore!,468,Liz
2024-09-11,OneXOneY,Protection.,87,Liz
2024-09-12,Masculine Based,"Well, This is kamala we're talking about.",216,Edrian K
2024-09-12,Masculine Based,People love Trump because he will risk his life just to fight for our country.,120,Edrian K
2024-09-12,Masculine Based,This is a rally of a paid people.,90,Edrian K
2024-09-12,Barefoot Pregnant,"Imagine getting the questions in advance and still needing the moderators to play lifeline, talk about a prep fail!",62,John
2024-09-12,Barefoot Pregnant,Even in the digital age Trumpâ€™s got the culture on lock.,55,John
2024-09-12,Barefoot Pregnant,Trump is prepared to ride that wave all the way to victory Let's make New York great again. ğŸ‡ºğŸ‡¸,53,John
2024-09-12,OneXOneY,Bring it on!,149,Liz
2024-09-12,OneXOneY,"Denverâ€™s new motto: Sheltering the world, while our own cities pay the price.",99,Liz
2024-09-12,OneXOneY,"Sheâ€™s going on and on, especially considering she has a husband.",92,Liz
2024-09-12,Masculine Based,"Well, This is kamala we're talking about.",563,Edrian K
2024-09-12,Masculine Based,This is a rally of a paid people.,370,Edrian K
2024-09-12,Masculine Based,People love Trump because he will risk his life just to fight for our country.,329,Edrian K
2024-09-12,Barefoot Pregnant,"Imagine getting the questions in advance and still needing the moderators to play lifeline, talk about a prep fail!",92,John
2024-09-12,Barefoot Pregnant,They can't compete if they don't cheat.,73,John
2024-09-12,Barefoot Pregnant,Here comes the savior.,58,John
2024-09-12,OneXOneY,Bring it on!,177,Liz
2024-09-12,OneXOneY,"Denverâ€™s new motto: Sheltering the world, while our own cities pay the price.",110,Liz
2024-09-12,OneXOneY,"Sheâ€™s going on and on, especially considering she has a husband.",93,Liz
2024-09-13,Cool Christian Engineer ğŸ’¡,"Trudeau can step down now, along with Zelensky. These leaders who are only thinking about wars instead of focusing on how to make peace and fix their countries. ğŸ¤¦â€â™‚ï¸",262,Jess
2024-09-13,Cool Christian Engineer ğŸ’¡,He really hates Kamala.,124,Jess
2024-09-13,Cool Christian Engineer ğŸ’¡,Who's going to tell him?,81,Jess
2024-09-13,Masculine Based,Leftist hated this.,284,Edrian K
2024-09-13,Masculine Based,2024 is crazy.,260,Edrian K
2024-09-13,Masculine Based,She doesn't like nice guys but blames all of us when she gets cheated on by bad men.,144,Edrian K
2024-09-13,Barefoot Pregnant,Sheâ€™s adding drama to her playlist! ğŸ¶ğŸšª,690,Liz
2024-09-13,Barefoot Pregnant,Do you still need her?,279,Liz
2024-09-13,Barefoot Pregnant,Being triggered by a little patriotism. ğŸ˜…ğŸ‡ºğŸ‡¸,85,Liz
2024-09-13,OneXOneY,Itâ€™s a reminder of mediaâ€™s power and the unfairness of using it to mislead for entertainment.,66,John
2024-09-14,Cool Christian Engineer ğŸ’¡,Arresting a blind person just for walking down the street is outrageous. Whatâ€™s happening here?,116,Lynneth
2024-09-14,Masculine Based,The best part is when I'm leaving.,62,Edrian K
2024-09-14,Barefoot Pregnant,Looks like Megyn Kellyâ€™s setting the screen on fire! Tampon Tim better brace himself!,75,Raine
2024-09-14,Barefoot Pregnant,History seems to be repeating itself with its successor.,60,Raine
2024-09-14,Barefoot Pregnant,How about â€œKamalaâ€™s Campaign Crunchâ€. A flavor that's as unpredictable as her policies?,48,Raine
2024-09-14,OneXOneY,Theyâ€™ve taken a stand against those who threaten innocent lives.,63,Sheila
2024-09-14,OneXOneY,"At the very least, basic manners should be observed in public.",60,Sheila
2024-09-14,OneXOneY,Thatâ€™s a new low. Yelling â€œshameâ€ at kids? Thatâ€™s a whole new level of misguided.,52,Sheila
2024-09-15,Cool Christian Engineer ğŸ’¡,That was a total knockout. ğŸ’¥,246,Lynneth
2024-09-15,Cool Christian Engineer ğŸ’¡,If the would-be assassin had a GoPro it indicates a troubling level of planning and intent.,125,Lynneth
2024-09-15,Cool Christian Engineer ğŸ’¡,Absolutely.â¤ï¸,82,Lynneth
2024-09-15,Barefoot Pregnant,"The film expertly mocks DEI grifters, turning their antics into comedy gold without preaching.",71,Raine
2024-09-15,OneXOneY,Geography isnâ€™t the only thing separating Haiti and the Dominican Republic.,59,Sheila
2024-09-16,Cool Christian Engineer ğŸ’¡,"HOMESCHOOL THE KIDS, IT'S NO LONGER SAFE OUTSIDE.",659,Jess
2024-09-16,Cool Christian Engineer ğŸ’¡,"Thereâ€™s no way itâ€™s a coincidence and conspiracy, yâ€™all just canâ€™t claim itâ€™s planned again.",206,Jess
2024-09-16,Cool Christian Engineer ğŸ’¡,They really make life more complicated.,198,Jess
2024-09-16,Masculine Based,They never trust the Science anymore.,269,Edrian K
2024-09-16,Masculine Based,Hey women.,93,Edrian K
2024-09-16,Masculine Based,This is nothing. The US has the largest number of transsexuals serving in the military in world history.,75,Edrian K
2024-09-16,Barefoot Pregnant,Greece is facing a real Greek tragedy too many goodbyes and not enough hellos.,158,Liz
2024-09-16,Barefoot Pregnant,And this!,63,Liz
2024-09-16,Barefoot Pregnant,The common link among Trumpâ€™s would-be assassins is their extreme views.,62,Liz
2024-09-17,Cool Christian Engineer ğŸ’¡,We should all know why.,219,Jess
2024-09-17,Cool Christian Engineer ğŸ’¡,Nope.,171,Jess
2024-09-17,Cool Christian Engineer ğŸ’¡,"âš ï¸âš ï¸âš ï¸HOMESCHOOL THE KIDS, THEY'RE NO LONGER SAFE OUTSIDE. âš ï¸âš ï¸âš ï¸",130,Jess
2024-09-17,Masculine Based,REGISTER AND VOTE FOR TRUMP!,267,Edrian K
2024-09-17,Masculine Based,Kamala before going.,229,Edrian K
2024-09-17,Masculine Based,Israel only job.,105,Edrian K
2024-09-17,Barefoot Pregnant,Alexis Lorenzeâ€™s situation shows the need for patient advocacy and transparency in healthcare.,84,Liz
2024-09-17,Barefoot Pregnant,"Leave it to Trump to brag about his kid's crypto skills, now thatâ€™s some family financial planning.",79,Liz
2024-09-17,Barefoot Pregnant,The Secret Service is better at monitoring tweets than tracking threats maybe they should hire Elon for a crash course in security.,57,Liz
2024-09-17,OneXOneY,Sheâ€™s just worried that Trumpâ€™s supporters have a lot more to say than sheâ€™d like.,154,John
2024-09-17,OneXOneY,"Itâ€™s clear people are rallying behind Trumpâ€™s vision, not Harrisâ€™s!",97,John
2024-09-17,OneXOneY,Itâ€™s outrageous when the FBI targets innocent Americans and then faces no real consequences.,77,John
2024-09-18,Cool Christian Engineer ğŸ’¡,We can also reduce the politicians who are making the country worse. Itâ€™s better if it starts with you. Step down now.,81,Jess
2024-09-18,Cool Christian Engineer ğŸ’¡,"Hmmm... in short, they're planning for something, just like when Obama won in 2008.",68,Jess
2024-09-18,Cool Christian Engineer ğŸ’¡,They're against Trump because he's saving their food.,64,Jess
2024-09-18,Masculine Based,She belong to this.,342,Edrian K
2024-09-18,Masculine Based,The party that wants to ban disinformation.,59,Edrian K
2024-09-18,Barefoot Pregnant,Getting endorsed by the same folks who got us into endless wars.,295,Liz
2024-09-18,Barefoot Pregnant,A science fiction plot with some hefty price tags attached no wonder it got blocked!,65,Liz
2024-09-18,Barefoot Pregnant,Californiaâ€™s taking a stand against fake news... right after they finish banning actual news!,63,Liz
2024-09-18,OneXOneY,Only in Florida could someone sell their life for a cruise and end up banned for speaking the truth!,84,John
2024-09-18,OneXOneY,More divisive politics from Kamala. We need unity not more government handouts! ğŸ‡ºğŸ‡¸,83,John
2024-09-18,OneXOneY,Tupperware has been a staple for so long. What a turn of events for a classic brand!,54,John
2024-09-19,Cool Christian Engineer ğŸ’¡,"They're doing everything to stop Trump. Because of this, innocent lives are being affected too. Is this how they will take care of America and its citizens???",3673,Jess
2024-09-19,Cool Christian Engineer ğŸ’¡,"They will do ANYTHING just to stop him. Trump needs extreme security that will truly do their job to protect him. More importantly, God is on his side.",459,Jess
2024-09-19,Cool Christian Engineer ğŸ’¡,"They're doing everything to stop Trump. Because of this, innocent lives are being affected too. This isnâ€™t how you take care of America and its citizens, this is how you worsen and hurt them.",97,Jess
2024-09-19,Masculine Based,Newsom be like.,842,Edrian K
2024-09-19,Masculine Based,Just wow.,296,Edrian K
2024-09-19,Masculine Based,Newsome have problems.,163,Edrian K
2024-09-19,Barefoot Pregnant,Trumpâ€™s got the best anecdotes turns out even the guys he barely knows want his seal of approval.,72,Liz
2024-09-19,Barefoot Pregnant,Trumpâ€™s got divine protection on speed dial.,52,Liz
2024-09-19,OneXOneY,This shows that questioning established practices can spark important discussions even from unexpected sources.,73,John
2024-09-19,OneXOneY,"Newsomâ€™s too busy chasing memes instead of tackling real issues, classic!",60,John
2024-09-20,Cool Christian Engineer ğŸ’¡,TRUMP ALWAYS SPEAKS THE TRUTH.,1853,Jess
2024-09-20,Cool Christian Engineer ğŸ’¡,"Here's a little reminder, folks!",1039,Jess
2024-09-20,Cool Christian Engineer ğŸ’¡,"Absolutely! As Proverbs reminds us, â€œA man who commits adultery lacks judgment.â€ Itâ€™s all pain and no gain!",289,Jess
2024-09-20,Masculine Based,Give him the box!!,154,Edrian K
2024-09-20,Masculine Based,They need to focus on a lot of things and they want to harass this old man.,139,Edrian K
2024-09-20,Masculine Based,all girl must never underestimate it.,117,Edrian K
2024-09-20,Barefoot Pregnant,Things to worry about.,85,Liz
2024-09-20,Barefoot Pregnant,Just another day where the media learns that Trump rallies come with a side of reality check!,73,Liz
2024-09-20,Barefoot Pregnant,That 71-year-old was just trying to defend his airspace!,71,Liz
2024-09-20,OneXOneY,Trumpâ€™s got the real support from the people!,473,John
2024-09-20,OneXOneY,Heâ€™s taking a stand against unwanted surveillance! At least heâ€™s got the guts to fight back!,274,John
2024-09-20,OneXOneY,Kamala's event is a dud while Vivek's stealing the spotlight! Clearly the people know where the real excitement is.,78,John
2024-09-21,Cool Christian Engineer ğŸ’¡,Kamalaâ€™s campaign is just a big game of misinformation no wonder people are tuning out.,371,Lynneth
2024-09-21,Cool Christian Engineer ğŸ’¡,Public safety should always come first.,117,Lynneth
2024-09-21,Cool Christian Engineer ğŸ’¡,IRS just endorsed more audits! What a surprise!ğŸ˜†,84,Lynneth
2024-09-21,Masculine Based,"They can do whatever they want, but they will never ruin the Elon and Trump tandem.",352,Edrian K
2024-09-21,Masculine Based,This is why we need to bring back the Mental Asylum.,47,Edrian K
2024-09-21,Barefoot Pregnant,Kamala supporters be like...,54,Raine
2024-09-21,OneXOneY,"Letâ€™s be real, Elonâ€™s just trying to take us to the stars while theyâ€™re stuck in a game.",315,Sheila
2024-09-21,OneXOneY,"Michelleâ€™s got a new drink, but Trumpâ€™s the one whoâ€™s bringing the real refreshment ,  a strong economy and American pride!",228,Sheila
2024-09-21,OneXOneY,"Archie Bunker was a masterclass in satire, tackling tough topics with humor.",129,Sheila
2024-09-22,Cool Christian Engineer ğŸ’¡,It just shows how terrified they are of Trump's comeback.,489,Lynneth
2024-09-22,Cool Christian Engineer ğŸ’¡,"Mark Ruffalo should take a lesson from Elon: sometimes the real superheroes focus on solutions, not just rants!",98,Lynneth
2024-09-22,Cool Christian Engineer ğŸ’¡,"He's focused on winning, not playing games.",70,Lynneth
2024-09-22,Masculine Based,Christ is King.,100,Unknown Worker
2024-09-22,Barefoot Pregnant,Trump's skipping the corporate swamp this time. Starting the transition before the election wraps!,130,Raine
2024-09-22,Barefoot Pregnant,That's why we need to vote wisely. Let's vote for Trump to stop this.,91,Raine
2024-09-22,OneXOneY,It raises serious questions about why the government feels the need to go after hardworking ranchers like them.,347,Sheila
2024-09-22,OneXOneY,Heâ€™s got more balance than my checking account!ğŸ¤£,78,Sheila
2024-09-23,Cool Christian Engineer ğŸ’¡,Horrible. Stop promoting murder.,888,Jess
2024-09-23,Cool Christian Engineer ğŸ’¡,Uh-ohhh,62,Jess
2024-09-23,Cool Christian Engineer ğŸ’¡,TOO BIG TO RIG!!! Letâ€™s seal it with the votes this November.,57,Jess
2024-09-23,Masculine Based,Just finished my taxes.,756,Edrian K
2024-09-23,Masculine Based,Always remember this!,453,Edrian K
2024-09-23,Masculine Based,Another clown in the community,342,Edrian K
2024-09-23,Barefoot Pregnant,Sheâ€™s more about headlines than results.,158,Liz
2024-09-23,Barefoot Pregnant,This is beyond bizarre! An assassination plot turned into a crowdfunding campaign?,71,Liz
2024-09-23,Barefoot Pregnant,"When red tape becomes the real obstacle to space travel, itâ€™s time to cut the nonsense and let innovation soar.",69,Liz
2024-09-23,OneXOneY,Itâ€™s truly heartbreaking to see a city with such a rich history and significance fall into chaos.,354,John
2024-09-23,OneXOneY,"Finally, a country putting freedom and growth over global red tape!",84,John
2024-09-23,OneXOneY,"Young women may be going liberal, but theyâ€™ll learn the hard way that free stuff doesnâ€™t pay the bills!",49,John
2024-09-24,Cool Christian Engineer ğŸ’¡,"Lmao, too scared of the truth eh?",438,Jess
2024-09-24,Cool Christian Engineer ğŸ’¡,Itâ€™s now considered part of Asia.,189,Jess
2024-09-24,Cool Christian Engineer ğŸ’¡,His parents arenâ€™t great at parenting.,97,Jess
2024-09-24,Masculine Based,All religion have big respect for Trump!,107,Edrian K
2024-09-24,Masculine Based,Donâ€™t waste your time; they only follow one man.,92,Edrian K
2024-09-24,Masculine Based,"Never fail to discipline your kids yourself, as it will reflect on you as a parent.",91,Edrian K
2024-09-24,Barefoot Pregnant,Time to put America first and send those who donâ€™t belong back where they came from! ğŸ‡ºğŸ‡¸âœˆï¸,230,Liz
2024-09-24,Barefoot Pregnant,The Dems have turned political rivalry into a horror show.,136,Liz
2024-09-24,Barefoot Pregnant,"Teamsters are riding the Trump train, full steam ahead. Sorry, Kamala, but you might want to check your ticket.",70,Liz
2024-09-24,OneXOneY,"Zelensky should focus on his war, not attacking Trumpâ€”especially on our dime!",174,John
2024-09-24,OneXOneY,Let the peopleâ€™s voices drown out the echo chamber of a few editors. Time to democratize the news!,115,John
2024-09-24,OneXOneY,"Funny how the rules apply only when it suits them! Let's talk about facts, not feelings!",87,John
2024-09-25,Cool Christian Engineer ğŸ’¡,"Poor little girl doesn't deserve this, and neither does anyone else who's experiencing it.",61,Jess
2024-09-25,Masculine Based,These people donâ€™t realize how valuable Elon Musk is in this era.,79,Edrian K
2024-09-25,Masculine Based,The more reason we need to vote for Trump and ensure these animals are safe!,69,Edrian K
2024-09-25,Masculine Based,The Tesla owner when the night comes.,53,Edrian K
2024-09-25,Barefoot Pregnant,This judge needs a reality check! Time to stand up for what's right! ğŸ”¥âš–ï¸,97,Liz
2024-09-25,Barefoot Pregnant,"The Democrats are more interested in silencing voices than solving the immigration crisis! Keep fighting, Trump and Vance! ğŸ‡ºğŸ‡¸ğŸ’ª",92,Liz
2024-09-25,Barefoot Pregnant,"Great, now even my dreams aren't safe from science what's next, ads in my sleep? ğŸ˜…",63,Liz
2024-09-25,OneXOneY,"Exactly! Moms aren't looking for political games! They want real solutions for their kids, not more drama!",74,John
2024-09-25,OneXOneY,Some folks need a lesson in patriotism! Supporting terrorists has no place in America!,66,John
2024-09-26,Masculine Based,Trump was right about everything.,326,Edrian K
2024-09-26,Masculine Based,Trump is Inevitable.,99,Edrian K
2024-09-26,Masculine Based,"You're calling for a ceasefire, yet you're also supporting Ukraine in their war?",84,Edrian K
2024-09-26,Barefoot Pregnant,Time to give credit where itâ€™s due.,124,Liz
2024-09-26,Barefoot Pregnant,This will end in 2 months.,87,Liz
2024-09-26,Barefoot Pregnant,"When you play with the establishment, donâ€™t be surprised when they pull the rug out from under you.",74,Liz
2024-09-26,OneXOneY,"MAGA wave is hitting campuses harder than their safe spaces! Keep the energy up, Gen Z!",87,John
2024-09-26,OneXOneY,This highlights how misinformation can overshadow the truth. Justice has been served.,56,John
2024-09-27,Cool Christian Engineer ğŸ’¡,"He knows he can't mess with Trump.

He won't give him 200 billion.",264,Jess
2024-09-27,Cool Christian Engineer ğŸ’¡,It's obvious.,256,Jess
2024-09-27,Cool Christian Engineer ğŸ’¡,Give Trump the extreme security he deserves.,169,Jess
2024-09-27,Masculine Based,No one!,87,Edrian K
2024-09-27,Masculine Based,Let's go boys.,66,Edrian K
2024-09-27,Masculine Based,The new generation of Founding Fathers!,60,Edrian K
2024-09-27,Barefoot Pregnant,Polls canâ€™t stop Trumpâ€™s comeback.,128,Liz
2024-09-27,Barefoot Pregnant,Americaâ€™s finally waking up! More voters leaning Republican is just proof that Trumpâ€™s message is resonating loud and clear!,87,Liz
2024-09-27,Barefoot Pregnant,Bulletproof Trump is the anthem we didnâ€™t know we needed.,64,Liz
2024-09-27,OneXOneY,"Peterâ€™s right! The Kamala bubble is about to pop, while Trump supporters are more energized than ever! Itâ€™s going to be a landslide!",62,John
2024-09-27,OneXOneY,A journalist who knows how to break a story instead of just breaking coffee!,58,John
2024-09-29,Cool Christian Engineer ğŸ’¡,"The mainstream media canâ€™t stand to see the support for Trump! The enthusiasm is undeniable, and itâ€™s only getting stronger. ğŸ’ªğŸ‡ºğŸ‡¸",296,Lynneth
2024-09-29,Cool Christian Engineer ğŸ’¡,The kind of welcome only Trump can get! The crowd goes wild! ğŸ‰ğŸ‡ºğŸ‡¸,60,Lynneth
2024-09-29,Cool Christian Engineer ğŸ’¡,Kudos to everyone involved in making this happen! ğŸŒŸ,48,Lynneth
2024-09-29,Masculine Based,On their way to white house.,85,Unknown Worker
2024-09-29,Barefoot Pregnant,They didnâ€™t expect their own footage to be the plot twist! Too late for damage control!,142,Raine
2024-09-29,Barefoot Pregnant,"When Trump appeared, the crowd went wild. Gen Z is ready to trade TikToks for Trump talks!",87,Raine
2024-09-29,Barefoot Pregnant,TikTok has a new trend. Mourning the wrong people while ignoring the victims!,70,Raine
2024-09-29,OneXOneY,Trump knows how to make a grand entrance nothing like a little college football to remind everyone whoâ€™s still the real MVP!,864,Sheila
2024-09-29,OneXOneY,The fake smiles couldnâ€™t hide that snake energy.,428,Sheila
2024-09-29,OneXOneY,Who knew free speech was such a roadblock to consensus?,156,Sheila
2024-09-30,Cool Christian Engineer ğŸ’¡,AMERICA FIRST! ğŸ‡ºğŸ‡¸ğŸ‡ºğŸ‡¸ğŸ‡ºğŸ‡¸,546,Jess
2024-09-30,Cool Christian Engineer ğŸ’¡,It should be Newsom who needs to be stopped.,249,Jess
2024-09-30,Cool Christian Engineer ğŸ’¡,Scout supports Trump.,151,Jess
2024-09-30,Masculine Based,"The White Liberal Women, the greatest danger to America",237,Edrian K
2024-09-30,Masculine Based,Biden need to step down.,120,Edrian K
2024-09-30,Masculine Based,Kamala received 42 billion to expand broadband but didnâ€™t connect anyone to the internet. Iâ€™m not concerned about Trump losing his own money; Kamala lost mine.,115,Edrian K
2024-09-30,Barefoot Pregnant,Exactly! Trumpâ€™s got the guts to say what others wonâ€™t. Thatâ€™s why he resonates with real Americans!,103,John
2024-09-30,Barefoot Pregnant,Joe Squawk wasn't in the mood for any nonsense. Mic drop!,91,John
2024-09-30,Barefoot Pregnant,"JD Vance will crush it! He knows how to speak for the people, while Walz is just another Democrat out of touch with reality.",90,John
2024-09-30,OneXOneY,Itâ€™s nothing but a pathetic stunt to smear someone whoâ€™s done more for this country than your side ever could!,123,Liz
2024-09-30,OneXOneY,Itâ€™s the person pulling the trigger thatâ€™s the real issue guns donâ€™t make decisions!,96,Liz
2024-09-30,OneXOneY,Itâ€™s incredible how in tune animals can be with nature.,84,Liz
2024-10-01,Cool Christian Engineer ğŸ’¡,Do not engage or create more wars. Stop the war.,1493,Jess
2024-10-01,Cool Christian Engineer ğŸ’¡,You typed it wrong. It should be: JOE BIDEN IS A LIAR. ğŸ˜Š,338,Jess
2024-10-01,Cool Christian Engineer ğŸ’¡,PRIORITIZE AMERICA FIRST! ğŸ‡ºğŸ‡¸ğŸ‡ºğŸ‡¸ğŸ‡ºğŸ‡¸,133,Jess
2024-10-01,Masculine Based,Imagine if MAGA supporters could run things. What if Trump were the one in charge now? America would be like heaven.,185,Edrian K
2024-10-01,Masculine Based,She knows how the internet works.,74,Edrian K
2024-10-01,Masculine Based,Too late for that. Trump supporters already did the job.,65,Edrian K
2024-10-01,Barefoot Pregnant,"The judge wasn't having any of that sovereign citizen nonsense!

Sometimes, the law speaks loudest.",109,Liz
2024-10-01,Barefoot Pregnant,"Californiaâ€™s new motto: Equality for allâ€¦ except if you're white, then youâ€™re just funding it!",101,Liz
2024-10-01,Barefoot Pregnant,Forget the waiting game! Americans are stepping up and getting it done. Proof that we donâ€™t need to rely on Biden and Kamala! ğŸ‡ºğŸ‡¸ğŸ’ª,84,Liz
2024-10-01,OneXOneY,He's coming!,128,John
2024-10-01,OneXOneY,Arizona's election officials need a lesson in counting! Itâ€™s time to stop the incompetence and hold them accountable!,64,John
2024-10-01,OneXOneY,"While Biden and Kamala sit on the sidelines, real Americans are stepping up! Thatâ€™s how you get things done!",64,John
2024-10-02,Cool Christian Engineer ğŸ’¡,They're making life more complicated.,80,Jess
2024-10-02,Cool Christian Engineer ğŸ’¡,"Looks like Bank of America just launched their new ""zero balance"" promotion, talk about minimalism! Who needs money anyway? LOL.",63,Jess
2024-10-02,Cool Christian Engineer ğŸ’¡,This is exciting! Popcorn's readyyy. LFG! ğŸ”¥ğŸ”¥ğŸ”¥,60,Jess
2024-10-02,Masculine Based,They should never forget about this.,58,Edrian K
2024-10-02,Masculine Based,It's sad that you prioritize Ukraine over your own country. You're just so late/,55,Edrian K
2024-10-02,Masculine Based,They focused on the wrong things.,52,Edrian K
2024-10-02,Barefoot Pregnant,No shame in noticing a winner! JD Vance is the total package.,262,Liz
2024-10-02,Barefoot Pregnant,JD Vance is turning the tide and showing why Trump made the right choice!,210,Liz
2024-10-02,Barefoot Pregnant,"Vance dominated, Walz stumbled, and the moderators showed their bias. 

A clear win for the Trump team!",181,Liz
2024-10-02,OneXOneY,Classic moment! Trump knows how to make an entrance! whether itâ€™s in the ring or in politics! ğŸ˜‚ğŸ‡ºğŸ‡¸,477,John
2024-10-02,OneXOneY,Democrats like Joy Reid still push for violence. Theyâ€™ve truly lost it!,287,John
2024-10-02,OneXOneY,Tim Walz's debate performance was a real circus actâ€”caught lying on live TV!,192,John
2024-10-03,Cool Christian Engineer ğŸ’¡,The help for their own citizens isn't enough because they give it to Ukraine and illegals.,126,Jess
2024-10-03,Cool Christian Engineer ğŸ’¡,"VOTE FOR TRUMP!
VOTE FOR TRUMP!
VOTE FOR TRUMP!",124,Jess
2024-10-03,Cool Christian Engineer ğŸ’¡,Walz for Trump!,88,Jess
2024-10-03,Masculine Based,This is what's happening in the US right now.,1505,Edrian K
2024-10-03,Masculine Based,I am so ashamed right now.,434,Edrian K
2024-10-03,Masculine Based,You reflect who you vote. Thanks for fighting MAGA!,121,Edrian K
2024-10-03,Barefoot Pregnant,Tuckerâ€™s not holding back. Time to expose the truth about the attack on Trump.,372,Liz
2024-10-03,Barefoot Pregnant,He's more interested in controlling the narrative than actually helping those in need.,363,Liz
2024-10-03,Barefoot Pregnant,"Looks like they're trying to bury it! 

Can't hide the truth forever.",349,Liz
2024-10-03,OneXOneY,"Taylor Swift made her choice, Like her fans are making theirs too.",315,John
2024-10-03,OneXOneY,"Exactly! If weâ€™re looking for recruits, we need warriors, not performers. The Navy should be about courage and strength, not a talent show!",146,John
2024-10-03,OneXOneY,"Canada's turning into a lawless messâ€”and with leadership like that, it's no surprise.",76,John
2024-10-04,Cool Christian Engineer ğŸ’¡,They should post this throwback pic. to make it more memorable.,268,Jess
2024-10-04,Cool Christian Engineer ğŸ’¡,STAND UP FOR AMERICA AND VOTE FOR TRUMP!!!,234,Jess
2024-10-04,Cool Christian Engineer ğŸ’¡,turns out Israel is not our greatest ally after all..,129,Jess
2024-10-04,Masculine Based,Stop being impressive.,245,Edrian K
2024-10-04,Masculine Based,Register and vote for Trump!,171,Edrian K
2024-10-04,Masculine Based,This is a dangerous meme for Libs.,81,Edrian K
2024-10-04,Barefoot Pregnant,Were.,76,Liz
2024-10-04,Barefoot Pregnant,"Springsteen mustâ€™ve hit the wrong note, Trumpâ€™s uniting real Americans while Kamalaâ€™s stuck looking for the chorus.",76,Liz
2024-10-04,Barefoot Pregnant,DeSantis just turned the Biden-Harris circus into a one-man show!,72,Liz
2024-10-04,OneXOneY,"When youâ€™re more worried about who you know than who you protect, weâ€™re all in trouble! This administration is a total joke!",84,John
2024-10-04,OneXOneY,"If Thomas Wictor covered Hurricane Helene, Heâ€™d be connecting the dots so fast, even the media would struggle to keep up!",77,John
2024-10-04,OneXOneY,Itâ€™s time to get our meteorologists on the job instead of giving us weather forecasts that are less accurate than the last election results!,73,John
2024-10-05,Cool Christian Engineer ğŸ’¡,Theyâ€™re clearly trying to suppress votes in GOP strongholds! This is a calculated move.,253,Lynneth
2024-10-05,Cool Christian Engineer ğŸ’¡,Our country needs Jesus.,71,Lynneth
2024-10-05,Cool Christian Engineer ğŸ’¡,This administration's actions feel more like a war on everyday Americans.,58,Lynneth
2024-10-05,Masculine Based,No wonder at all.,110,Edrian K
2024-10-05,Masculine Based,This is what you loved right?,89,Edrian K
2024-10-05,Masculine Based,The same species.,83,Edrian K
2024-10-05,Barefoot Pregnant,Kamala's fashion sense is more of a priority than actual help for hurricane victims!,196,Raine
2024-10-05,Barefoot Pregnant,Elon Musk proves to be the real superhero. While the government takes its sweet time to respond! He's stepping in to keep North Carolina connected!,103,Raine
2024-10-05,Barefoot Pregnant,"Trump's call for action shows strength, not a push for war. Sometimes, a firm stance is needed to keep the peace!",75,Raine
2024-10-05,OneXOneY,Nothing motivates politicians like the threat of losing their cushy seats.,294,Sheila
2024-10-05,OneXOneY,Only Trump can draw a crowd like this! People are eager for a leader who puts America first canâ€™t wait for the rally to kick off!,254,Sheila
2024-10-05,OneXOneY,Make America safe and great again!,153,Sheila
2024-10-06,Cool Christian Engineer ğŸ’¡,Women should NOT be president or in high positions of authority.,389,Lynneth
2024-10-06,Cool Christian Engineer ğŸ’¡,Two powerhouses strategizing now that's a winning combo for America!,187,Lynneth
2024-10-06,Cool Christian Engineer ğŸ’¡,"Talk about misplaced priorities real leaders focus on saving lives, not shopping sprees!",183,Lynneth
2024-10-06,Masculine Based,He just wants some attention.,504,Unknown Worker
2024-10-06,Masculine Based,We are in trouble.,78,Unknown Worker
2024-10-06,Masculine Based,FEBA doing this all the time.,78,Unknown Worker
2024-10-06,Barefoot Pregnant,Dr. Phil calls out FEMA for avoiding help from those who actually get things done. Spot on!,276,Raine
2024-10-06,Barefoot Pregnant,Christian Rangers are helping where the Feds fail. Real support comes from the ground!,219,Raine
2024-10-06,Barefoot Pregnant,"Maybe instead of control, we should focus on free speech and letting the people decide.",196,Raine
2024-10-06,OneXOneY,Theyâ€™d rather deny help than admit a Trump can do something good!,218,Sheila
2024-10-06,OneXOneY,Real Americans stepping up for each other now thatâ€™s how you make a difference!,106,Sheila
2024-10-06,OneXOneY,They canâ€™t handle the truth when it comes to Trump and Elon!,94,Sheila
2024-10-07,Cool Christian Engineer ğŸ’¡,Because this is the type of 'help' they plan.,287,Jess
2024-10-07,Cool Christian Engineer ğŸ’¡,"YES, LOCK HER UP! ğŸ’¯

HOMESCHOOL YOUR KIDS, THEY'RE NO LONGER SAFE OUTSIDE.",88,Jess
2024-10-07,Cool Christian Engineer ğŸ’¡,It's essential to remember their lives and support the families still impacted.,84,Jess
2024-10-07,Masculine Based,LGBT done too much to us.,2886,Edrian K
2024-10-07,Masculine Based,Why they always make things difficult?,1015,Edrian K
2024-10-07,Masculine Based,FBI following some instruction again.,862,Edrian K
2024-10-07,Barefoot Pregnant,Were.,3178,Liz
2024-10-07,Barefoot Pregnant,MENTAL HEALTH crisis!,774,Liz
2024-10-07,Barefoot Pregnant,Divided? More like the Democrats are dancing on the Titanic while the ship sinks!,363,Liz
2024-10-07,OneXOneY,"Itâ€™s a disgrace! We need real leadership that prioritizes saving lives, not pandering to the woke agenda! ğŸ‡ºğŸ‡¸",656,John
2024-10-07,OneXOneY,"Mocking someone for their autism is low even for the Democrats. Shows you who the real bullies are. Stay strong, Elon!",655,John
2024-10-07,OneXOneY,Only Elon could turn voter outreach into a win-win!,107,John
2024-10-08,Cool Christian Engineer ğŸ’¡,"""We need to fix the problem."" SHE IS THE PROBLEM, KAMALA IS THE PROBLEM.",538,Jess
2024-10-08,Cool Christian Engineer ğŸ’¡,BIDEN HATES KAMALA. Trump was right.,507,Jess
2024-10-08,Cool Christian Engineer ğŸ’¡,"Why did the parents leave the baby with a teenager who has a pit bull? Parents should've done better, and additionally, donâ€™t get a pet that you can't easily control.",246,Jess
2024-10-08,Masculine Based,Get ready America.,3925,Edrian K
2024-10-08,Masculine Based,Stop forcing it!,868,Edrian K
2024-10-08,Masculine Based,Yes it was. But the real problem is this one.,510,Edrian K
2024-10-08,Barefoot Pregnant,60 Minutes just hit Kamala with the knockout punch.,506,Liz
2024-10-08,Barefoot Pregnant,"Finally, action! Kudos to the North Carolina Board of Elections for stepping up and adapting after Hurricane Helene.",461,Liz
2024-10-08,Barefoot Pregnant,Letâ€™s keep our eyes on the bigger picture.,428,Liz
2024-10-08,OneXOneY,Kamala's just upset she canâ€™t pull any political stunts in the middle of a disaster! Keep it real Ron!,512,John
2024-10-08,OneXOneY,Kamala's just tossing around buzzwords instead of actually making a plan talk about missing the point!,286,John
2024-10-08,OneXOneY,Kamala should focus on her job instead of playing politics during a crisis! Time to put the people first!,105,John
2024-10-09,Cool Christian Engineer ğŸ’¡,Encouraging men to be 'dudes for Harris' is so gheyyy.,631,Jess
2024-10-09,Cool Christian Engineer ğŸ’¡,"You're still proud to be wearing your shirt, Stephen, huh?",150,Jess
2024-10-09,Cool Christian Engineer ğŸ’¡,"The consequences of Biden-Harris allowing this to happen are affecting the citizens, especially the kids, so badly. Protect the kids.",115,Jess
2024-10-09,Masculine Based,I just want to live a normal life.,227,Edrian K
2024-10-09,Masculine Based,Those women need to focus on this.,224,Edrian K
2024-10-09,Masculine Based,Protect democracy is never a thing.,147,Edrian K
2024-10-09,Barefoot Pregnant,Time for women to see the truth. Letâ€™s bring back the greatness!,246,Liz
2024-10-09,Barefoot Pregnant,Only in Florida! Where even prisoners are pitching in to protect the community.,130,Liz
2024-10-09,Barefoot Pregnant,Melania hits it out of the park! Real results from real leadership.,103,Liz
2024-10-09,OneXOneY,"Disgraceful! When your press secretary acts like a thug, itâ€™s time to clean house at Gracie Mansion!",268,John
2024-10-09,OneXOneY,Only in Florida do they turn a prison break into a community service project now that's what I call getting things done!,233,John
2024-10-09,OneXOneY,The police are just trying to get a closer look at all the winning happening at Trump Tower!,181,John
2024-10-11,Cool Christian Engineer ğŸ’¡,Liberalism is indeed a mental disorder.,2296,Jess
2024-10-11,Cool Christian Engineer ğŸ’¡,SHE CANâ€™T COMPETE IF SHE DOESNâ€™T CHEAT!!!,259,Jess
2024-10-11,Cool Christian Engineer ğŸ’¡,Also her:,150,Jess
2024-10-11,Masculine Based,They all look the same.,2045,Edrian K
2024-10-11,Masculine Based,Both are democrats.,1090,Edrian K
2024-10-11,Masculine Based,The only thing Kamala learn from you.,565,Edrian K
2024-10-11,Barefoot Pregnant,Her photo ops wonâ€™t save her now!,690,Liz
2024-10-11,Barefoot Pregnant,"Classic identity politics. Instead of real solutions, they're just playing the race card.",579,Liz
2024-10-11,Barefoot Pregnant,Nike thinks pushing a political agenda is more important than selling shoes.,242,Liz
2024-10-11,OneXOneY,"Sorry, Obama, but the only thing you left Trump was a mess, not millions of jobs!",448,John
2024-10-11,OneXOneY,"Barack! Just remember, voting for Kamala and Tim is like choosing a flat tire for your next road trip.",360,John
2024-10-11,OneXOneY,Kamala can't even wing it without a scriptâ€”talk about a big reveal! ğŸ˜‚,279,John
2024-10-12,Cool Christian Engineer ğŸ’¡,Time to make sure the elections are fair Detroitâ€™s about to get a dose of reality!,221,Lynneth
2024-10-12,Cool Christian Engineer ğŸ’¡,Absolutely! And that leader is Donald Trump heâ€™s always had our backs!,168,Lynneth
2024-10-12,Cool Christian Engineer ğŸ’¡,"The mask finally slipped! No more 'hope and change,' just a whole lot of darkness.",142,Lynneth
2024-10-12,Masculine Based,"This is Biden/Kamala America,",103,Edrian K
2024-10-12,Masculine Based,Their problem now. ğŸ˜‚,75,Edrian K
2024-10-12,Masculine Based,They will never beat this man.,66,Edrian K
2024-10-12,Barefoot Pregnant,That's why we don't want another 4 years of this..,263,Raine
2024-10-12,Barefoot Pregnant,Someone just dropped the truth bomb. Obama's legacy is hitting harder than a bad sequel!,61,Raine
2024-10-12,Barefoot Pregnant,They fired the guy for hiring based on merit? Doing your job well is just too dangerous for the woke agenda!,54,Raine
2024-10-12,OneXOneY,Trumpâ€™s just saying what everyoneâ€™s thinking!,910,Sheila
2024-10-12,OneXOneY,"It's time to protect our leader,no one should face danger for standing up for America!",909,Sheila
2024-10-12,OneXOneY,"This is a wake-up call for America! If Trump needs military protection, it shows just how dangerous the political climate has become.",278,Sheila
2024-10-13,Cool Christian Engineer ğŸ’¡,Protecting your family is a father's dutyâ€”sometimes the law just can't keep up!,2068,Lynneth
2024-10-13,Cool Christian Engineer ğŸ’¡,"Finally, someone who's serious about protecting Americans! It's time to hold criminals accountable! ğŸ’ª",381,Lynneth
2024-10-13,Cool Christian Engineer ğŸ’¡,Even SNL canâ€™t cover for them anymore jokes write themselves! ğŸ˜‚,284,Lynneth
2024-10-13,Masculine Based,This is what real father looks like.,439,Unknown Worker
2024-10-13,Masculine Based,"They may attempt it, but JD Vance still shines brighter. ğŸ‘€",153,Unknown Worker
2024-10-13,Masculine Based,This is Kamala plan since day one.,108,Unknown Worker
2024-10-13,Barefoot Pregnant,"So, a judge prioritizes ""empathy"" for a killer instead of justice? Seems like some people have their priorities all wrong!",271,Raine
2024-10-13,Barefoot Pregnant,"JD Vance actually lived the struggles of everyday Americans. Unlike Kamala and Tim Walz, who seem to think ""regular"" is just a coffee order!",82,Raine
2024-10-13,Barefoot Pregnant,Aaron Spencer's actions reflect what any father would do to protect his child. Itâ€™s tragic that the system failed to keep a known predator locked up.,60,Raine
2024-10-13,OneXOneY,"We need judges who prioritize justice, not empathy for violent criminals.",395,Sheila
2024-10-13,OneXOneY,"With a crowd that big, California might just be ready for a MAGA makeover!",219,Sheila
2024-10-13,OneXOneY,"Trumpâ€™s got it right! If you take an American life, you should face the ultimate consequence!",186,Sheila
2024-10-14,Cool Christian Engineer ğŸ’¡,"Elonâ€™s version of Netflix and chill: 'Come for breakfast, stay for lunch, and letâ€™s get serious with some rocket footage!â€˜ ğŸ˜…ğŸš€",221,Jess
2024-10-14,Cool Christian Engineer ğŸ’¡,Walz will be disqualified. ğŸ’¯âœ… Heâ€™s not even qualified in the first place.,167,Jess
2024-10-14,Cool Christian Engineer ğŸ’¡,Your extended family will vote for Trump. LFG!,82,Jess
2024-10-14,Masculine Based,Meanwhile Tim on his early age.,496,Edrian K
2024-10-14,Masculine Based,"The truth is he may not be as conservative as many would like, but he has always been a patriot. ğŸ‡ºğŸ‡¸",246,Edrian K
2024-10-14,Masculine Based,What if?,123,Edrian K
2024-10-14,Barefoot Pregnant,Touchdown for Hawley! Great to see Butker stepping up to support solid leadership.,221,Liz
2024-10-14,Barefoot Pregnant,"Clinton's out there trying to lend a hand, and instead he's just adding to the confusion.",157,Liz
2024-10-14,Barefoot Pregnant,"Exactly, history isn't a fairy tale, and the tribes had their own brutal ways long before Europeans arrived.",86,Liz
2024-10-14,OneXOneY,Pure genius. This is the kind of 'crazy' that changes the world!,142,John
2024-10-14,OneXOneY,Only Elon could turn a dinner date into a rocket science session! It's just another day in the life of the man who's literally reaching for the stars!,128,John
2024-10-14,OneXOneY,Itâ€™s time to recognize the contributions of Columbus and honor the heritage of Italian-Americans. History matters!,107,John
2024-10-15,Cool Christian Engineer ğŸ’¡,"HOMESCHOOL THE KIDS, THEY'RE NO LONGER SAFE OUTSIDE!!!",225,Jess
2024-10-15,Cool Christian Engineer ğŸ’¡,Such a shame.,154,Jess
2024-10-15,Cool Christian Engineer ğŸ’¡,"SUCH A SAVAGE!

Trump will make America Great Again",93,Jess
2024-10-15,Masculine Based,What accent will kamala use this time?,718,Edrian K
2024-10-15,Masculine Based,She's been drinking again.,491,Edrian K
2024-10-15,Masculine Based,"Buying votes

The democratic way.",205,Edrian K
2024-10-15,Barefoot Pregnant,"Elonâ€™s onto something! If you want to grow, you need a challenge, not a cozy corner.",96,Liz
2024-10-15,Barefoot Pregnant,Racism in action.,87,Liz
2024-10-15,Barefoot Pregnant,Kamala needs to focus on the issues instead of spreading baseless claims.,73,Liz
2024-10-15,OneXOneY,"When the government starts penalizing families for having kids, itâ€™s a recipe for disaster!",210,John
2024-10-15,OneXOneY,"He pushed for a health care plan that many couldnâ€™t afford, and he made it seem like everyone was covered!",102,John
2024-10-15,OneXOneY,"Real Trump supporters stand for America, not hate. Their desperate tactics wonâ€™t change that!",92,John
2024-10-18,Cool Christian Engineer ğŸ’¡,Stop using the kid to deceive people into thinking you are a good person and to make them forget your mischief.,333,Jess
2024-10-18,Cool Christian Engineer ğŸ’¡,THEY CAN'T COMPETE IF THEY DON'T CHEAT.,74,Jess
2024-10-18,Cool Christian Engineer ğŸ’¡,"TRUMP WILL WIN THIS!!!

LET'S ALL MAKE AMERICA GREAT AGAIN.",64,Jess
2024-10-18,Masculine Based,They getting dangerous.,478,Edrian K
2024-10-18,Masculine Based,Women should be doing this.,177,Edrian K
2024-10-18,Masculine Based,How about this.,66,Edrian K
2024-10-18,Barefoot Pregnant,Kamala skipping the event and using that cringey video is just not a good look.,456,Liz
2024-10-18,Barefoot Pregnant,Another rally? Just more empty promises from the same old crew.,450,Liz
2024-10-18,Barefoot Pregnant,Right? Trump's serving up some serious roast at the Al Smith dinner!,118,Liz
2024-10-18,OneXOneY,Trump always knows how to steal the show! His humor is unmatched!,471,John
2024-10-18,OneXOneY,If Kamala canâ€™t handle a little roast maybe she needs to stick to softballs!,159,John
2024-10-18,OneXOneY,Always making himself at home even in the lion's den!,111,John
2024-10-19,Cool Christian Engineer ğŸ’¡,"When you mess with the Amish, you wake the silent majority!",169,Lynneth
2024-10-19,Cool Christian Engineer ğŸ’¡,Rosie needs to take a good look in the mirror before throwing stones.,84,Lynneth
2024-10-19,Cool Christian Engineer ğŸ’¡,Elonâ€™s all about wearing it loud and proud! Letâ€™s show the world we stand with Trump!,77,Lynneth
2024-10-19,Masculine Based,The real enemy.,209,Edrian K
2024-10-19,Barefoot Pregnant,Letâ€™s make sure our voices are heard loud and clear for Trump in 2024.,446,Raine
2024-10-19,Barefoot Pregnant,"The law applies to everyone, no excuses!",214,Raine
2024-10-19,Barefoot Pregnant,"Elonâ€™s always ready to tackle challenges, even if heâ€™d rather not.",77,Raine
2024-10-19,OneXOneY,"Angela Rye forgot democracy is about voting for who you believe in, not being guilt-tripped into voting for Kamala.",192,Sheila
2024-10-19,OneXOneY,"Kamala's like a Wi-Fi signal sometimes strong, often weak, and when you really need her, sheâ€™s just not there.",160,Sheila
2024-10-19,OneXOneY,This is why we need strong family values back in America.,129,Sheila
2024-10-19,Cool Christian Engineer ğŸ’¡,"When you mess with the Amish, you wake the silent majority!",175,Lynneth
2024-10-19,Cool Christian Engineer ğŸ’¡,Canâ€™t support both faith and the far-left agenda. Choose wisely!,94,Lynneth
2024-10-19,Cool Christian Engineer ğŸ’¡,"If this trend continues, we risk losing the impartiality thatâ€™s crucial for a healthy legal system. Itâ€™s time to protect the integrity of our courts!",91,Lynneth
2024-10-19,Masculine Based,The real enemy.,285,Edrian K
2024-10-19,Masculine Based,Kamala getting ready.,73,Edrian K
2024-10-19,Masculine Based,Meloni is unstopabble now.,69,Edrian K
2024-10-19,Barefoot Pregnant,Letâ€™s make sure our voices are heard loud and clear for Trump in 2024.,501,Raine
2024-10-19,Barefoot Pregnant,"The law applies to everyone, no excuses!",288,Raine
2024-10-19,Barefoot Pregnant,"If Kamala wins, get ready for woke 101 at the reeducation camps.

Your kids will know all the pronouns but none of the history.",160,Raine
2024-10-19,OneXOneY,The team MAGA. ğŸ‡ºğŸ‡¸,298,Sheila
2024-10-19,OneXOneY,"Angela Rye forgot democracy is about voting for who you believe in, not being guilt-tripped into voting for Kamala.",288,Sheila
2024-10-19,OneXOneY,"Kamala's like a Wi-Fi signal sometimes strong, often weak, and when you really need her, sheâ€™s just not there.",175,Sheila
2024-10-20,Unknown Account,"Glad to hear the seal handled it well, but it definitely raises questions about the lengths we go to for compliance!",287,Lynneth
2024-10-20,Unknown Account,Funny coming from a guy whose presidency was all about him!,110,Lynneth
2024-10-20,Unknown Account,The blue wave is turning red in Pennsylvania!,78,Lynneth
2024-10-20,Masculine Based,The truth.,110,Unknown Worker
2024-10-20,Masculine Based,"Elon is a genius and isnâ€™t playing games with this election. 
This is how you do it.",64,Unknown Worker
2024-10-20,Barefoot Pregnant,"Trump's tax cuts may benefit billionaires, but at least he's not trying to regulate our lives like Obama did! We need a leader who supports growth, not more taxes and red tape!",63,Raine
2024-10-20,Barefoot Pregnant,Their double standards are showing. Itâ€™s only a 'sales tax' when itâ€™s not their idea!,60,Raine
2024-10-20,Barefoot Pregnant,Tafari knows too much about Bush and Obama. Wonder what he's up to now?,51,Raine
2024-10-20,OneXOneY,"Well, heâ€™s not wrong! Kamalaâ€™s been a disaster since day one, and Trump is just calling it like it is.",230,Sheila
2024-10-20,OneXOneY,BRICS is stacking gold while the West just stacks debt.,127,Sheila
2024-10-20,OneXOneY,"Coming from Obama, that's rich! Trumpâ€™s focus is America First, not just his bank account.",97,Sheila
2024-10-21,Cool Christian Engineer ğŸ’¡,"As a Latino, this is one of the most offensive and racist things I have heard",730,Jess
2024-10-21,Cool Christian Engineer ğŸ’¡,YOU STILL HAVE A CHANCE TO DELETE THIS.,316,Jess
2024-10-21,Cool Christian Engineer ğŸ’¡,2 dudes.,98,Jess
2024-10-21,Masculine Based,Stolen again.,649,Edrian K
2024-10-21,Masculine Based,It's time to say. You are in a wrong crowd Kamala.,480,Edrian K
2024-10-21,Masculine Based,Never forget.,221,Edrian K
2024-10-21,Barefoot Pregnant,The McSALAD.,621,Liz
2024-10-21,Barefoot Pregnant,Let's go!!!,451,Liz
2024-10-21,Barefoot Pregnant,"Nothing like a packed stadium chanting U-S-A, electrifying energy!",346,Liz
2024-10-21,OneXOneY,"If people are upset, maybe itâ€™s time for some self-reflection instead of just blaming the app!",448,John
2024-10-21,OneXOneY,"Heâ€™s serving up more than just fries, Heâ€™s dishing out the truth, and itâ€™s frying their brains!",315,John
2024-10-21,OneXOneY,NBC missed the real playbook! They should take notes from the fans who know whatâ€™s really happening on the field!,127,John
2024-10-22,Cool Christian Engineer ğŸ’¡,Dems installed Kamala like a toilet. ğŸš½ğŸ’©,494,Jess
2024-10-22,Cool Christian Engineer ğŸ’¡,LFG! Eminem exposed.,439,Jess
2024-10-22,Cool Christian Engineer ğŸ’¡,Dems will definitely find this a way to blame Trump because of this.,193,Jess
2024-10-22,Masculine Based,"You're the one in charge, Sir.",177,Edrian K
2024-10-22,Masculine Based,They are the true threat to democracy.,106,Edrian K
2024-10-22,Masculine Based,I think we all know.,89,Edrian K
2024-10-22,Barefoot Pregnant,Let's do it!,1130,Liz
2024-10-22,Barefoot Pregnant,Let's go!,274,Liz
2024-10-22,Barefoot Pregnant,Guess who?,135,Liz
2024-10-22,OneXOneY,Time for a deep clean at the Pentagon! ğŸ’§,278,John
2024-10-22,OneXOneY,Someone forgot how to count their blessings! $400k a year is a good life for most folks!,253,John
2024-10-22,OneXOneY,The UK is taking 'maximum security' to a whole new level more like maximum censorship! ğŸ™„,179,John
2024-10-23,Cool Christian Engineer ğŸ’¡,THE TIME HAS COME.,336,Jess
2024-10-23,Cool Christian Engineer ğŸ’¡,"Kamala's plans will remain just plans. She hasn't been able to follow through for the past few years, so why should we believe she can now?",102,Jess
2024-10-23,Cool Christian Engineer ğŸ’¡,SICK-o.,92,Jess
2024-10-23,Masculine Based,Why does Kinzinger need a massive scope to shoot at coffee cans 40 feet away?,601,Edrian K
2024-10-23,Masculine Based,Never forget!,496,Edrian K
2024-10-23,Masculine Based,The difference.,111,Edrian K
2024-10-23,Barefoot Pregnant,But voting for Kamala? Thatâ€™s like casting Batman to fight crime and then putting the Penguin in charge of the city.,526,Liz
2024-10-23,Barefoot Pregnant,"Theyâ€™re digging deep, but itâ€™s clear theyâ€™re just trying to distract from their own failures.",491,Liz
2024-10-23,Barefoot Pregnant,"Scott Presler isnâ€™t just talking the talk, he's ready to walk the walk!",443,Liz
2024-10-23,OneXOneY,"If heâ€™s done anything shady, he needs to be held accountable! Itâ€™s time to expose the truth and not let anyone skate by!",159,John
2024-10-23,OneXOneY,"Catturd's got the right idea! When youâ€™re a low IQ clown, you make the banned list faster than a bad movie sequel!",147,John
2024-10-23,OneXOneY,We need to be the light in these dark times not just for ourselves but for future generations!,101,John
2024-10-24,Cool Christian Engineer ğŸ’¡,"Yes, we are voting for Trump!!!",545,Jess
2024-10-24,Cool Christian Engineer ğŸ’¡,"TRUMP 2024, LET'S GOOO!",321,Jess
2024-10-24,Cool Christian Engineer ğŸ’¡,DEMS CAN'T COMPETE IF THEY DON'T CHEAT!!!,243,Jess
2024-10-24,Masculine Based,That's you.,618,Edrian K
2024-10-24,Masculine Based,God will lead this man.,320,Edrian K
2024-10-24,Masculine Based,We are voting for a real men who can protect women!,302,Edrian K
2024-10-24,Barefoot Pregnant,The White House is waving the white flag!,3368,Liz
2024-10-24,Barefoot Pregnant,Now and then.,412,Liz
2024-10-24,Barefoot Pregnant,"Absolutely, let's lift him up in prayer for safety and strength!",242,Liz
2024-10-24,OneXOneY,"Trump's been fighting off more hits than a heavyweight champ, and he's still standing tall. Believe that!",435,John
2024-10-24,OneXOneY,"Heâ€™s got it right! America is FED UP with the lies, the corruption, and the disasters Biden and the Left have unleashed.",234,John
2024-10-24,OneXOneY,"North Carolina is turning red, and itâ€™s just the beginning! Letâ€™s keep the momentum going!",109,John
2024-10-27,Cool Christian Engineer ğŸ’¡,"Trumpâ€™s right, this isnâ€™t just about Kamala itâ€™s a battle against a powerful machine!",781,Lynneth
2024-10-27,Cool Christian Engineer ğŸ’¡,"Aussies are scared of the truth! Candace Owens tells it like it is, and they canâ€™t handle it. 

Free speech matters!",330,Lynneth
2024-10-27,Cool Christian Engineer ğŸ’¡,"Vance is right on the money! Smart diplomacy isnâ€™t weakness, Itâ€™s strength!",299,Lynneth
2024-10-27,Barefoot Pregnant,Asking for help from a friend...,291,Raine
2024-10-27,Barefoot Pregnant,This is HUGE! Looks like Jill and Joe are serving up some sweet revenge!,271,Raine
2024-10-27,Barefoot Pregnant,"When the panic sets in, professionalism goes right out the window!",150,Raine
2024-10-27,OneXOneY,Trump is reminding everyone that heâ€™s not just rising from the political grave heâ€™s here to bury the competition,643,Sheila
2024-10-27,OneXOneY,No comparison needed.,540,Sheila
2024-10-27,OneXOneY,"Absolutely! Just like Trump showed with North Korea, sometimes youâ€™ve got to talk to your adversaries to keep the peace.",398,Sheila
2024-10-30,Cool Christian Engineer ğŸ’¡,"Hillary calls you deplorables. Kamala calls you Nazis.  Biden calls you garbage.

But President Trump calls you PATRIOTS.",2230,Jess
2024-10-30,Cool Christian Engineer ğŸ’¡,"The comedian was joking, while Biden is serious. ğŸ¤¡",967,Jess
2024-10-30,Cool Christian Engineer ğŸ’¡,"Bad move for Joe. His puppet master Obama, will be disappointed once again.",476,Jess
2024-10-30,Masculine Based,Never watch from these media.,930,Edrian K
2024-10-30,Masculine Based,Censorship will start now.,644,Edrian K
2024-10-30,Masculine Based,Never forget!,484,Edrian K
2024-10-30,Barefoot Pregnant,Now thatâ€™s a power move! Trump bringing in backup to drain the swamp.,1190,Liz
2024-10-30,Barefoot Pregnant,They twist the truth like itâ€™s a pretzel!,192,Liz
2024-10-30,Barefoot Pregnant,The generals are lining up! Trumpâ€™s got the military backing time to make America strong again!,177,Liz
2024-10-30,OneXOneY,This is what real leadership looks like. Working with people who care about our health and safety!,519,John
2024-10-30,OneXOneY,"What a contrast! While Biden insults half the country, Trump encourages forgiveness. Thatâ€™s true leadership!",418,John
2024-10-30,OneXOneY,Time to listen to the American people instead of labeling us. Weâ€™re not garbage weâ€™re patriots!,205,John
2024-10-31,Cool Christian Engineer ğŸ’¡,Better than Avengers.,839,Jess
2024-10-31,Cool Christian Engineer ğŸ’¡,"In the movie, the Avengers are saving the world. In real life, the actors are supporting the real villain.",789,Jess
2024-10-31,Cool Christian Engineer ğŸ’¡,From this network? Nah.,689,Jess
2024-10-31,Masculine Based,They are desperate.,294,Edrian K
2024-10-31,Masculine Based,The parents.,154,Edrian K
2024-10-31,Masculine Based,We need a Christian Nation again!,108,Edrian K
2024-10-31,Barefoot Pregnant,"Only Trump could turn a garbage truck into a campaign vehicle! 

Heâ€™s cleaning up the competition in style.",484,Liz
2024-10-31,Barefoot Pregnant,Funny how the fact-checkers seem to take a vacation when it comes to Kamala!,120,Liz
2024-10-31,Barefoot Pregnant,CNN's just trying to manifest their wishful thinking. Americaâ€™s got other plans!,101,Liz
2024-10-31,OneXOneY,He connects with the people in ways career politicians can't.,506,John
2024-10-31,OneXOneY,Imagine insulting millions of hardworking folks who invest a little in stocks to get ahead. Shows how clueless the elites really are!,390,John
2024-10-31,OneXOneY,"This is the kind of genuine, relatable leader America loves not some stiff in a suit with rehearsed lines.",202,John
2024-11-03,Cool Christian Engineer ğŸ’¡,Spot on. This isnâ€™t just about a squirrel itâ€™s about government overreach creeping into every corner of our lives. America used to stand for freedom and respect for individual rights not bureaucratic bullying.,929,Lynneth
2024-11-03,Cool Christian Engineer ğŸ’¡,Makes you appreciate traditional values and leaders like Trump who actually prioritize strength dignity and class in America.,617,Lynneth
2024-11-03,Cool Christian Engineer ğŸ’¡,"The energy is with Trump, and people are tired of the same old political games.",470,Lynneth
2024-11-03,Barefoot Pregnant,"Peanutâ€™s death is a wake-up call about bureaucratic overreach. If they can storm a home over a squirrel, what's next? Freedom is slipping away while they â€˜follow procedureâ€™!",1525,Raine
2024-11-03,Barefoot Pregnant,"Too bad Lily forgot to wear the most important thing, self-respect!",545,Raine
2024-11-03,Barefoot Pregnant,Classic case of â€œIâ€™m the victim!â€. Right after being caught red-handed!,187,Raine
2024-11-03,OneXOneY,Elected!!!,851,Sheila
2024-11-03,OneXOneY,"When caught red-handed, play the victim card. Letâ€™s keep it real, respect property rights!",624,Sheila
2024-11-03,OneXOneY,"""Screw your freedom""",401,Sheila
2024-11-04,Cool Christian Engineer ğŸ’¡,Trump will end the Obamaâ€™s dynasty by ending his puppets.,401,Jess
2024-11-04,Cool Christian Engineer ğŸ’¡,Another Diddy clown...,256,Jess
2024-11-04,Cool Christian Engineer ğŸ’¡,Another one... they're getting more scared.,121,Jess
2024-11-04,Masculine Based,Never forget.,3767,Edrian K
2024-11-04,Masculine Based,Never allow them!,346,Edrian K
2024-11-04,Masculine Based,No one is surprised anymore.,163,Edrian K
2024-11-04,Barefoot Pregnant,Trumpâ€™s the wrecking ball they never saw coming.,304,Liz
2024-11-04,Barefoot Pregnant,But Trump!!!!,266,Liz
2024-11-04,Barefoot Pregnant,"Trump has the vision, Kamala just has the excuses.",237,Liz
2024-11-04,OneXOneY,This raises important questions about fairness in women's sports. We need to protect the integrity of female athletics!,220,John
2024-11-04,OneXOneY,Stripping the medal and awarding it to the rightful athlete would be a step toward restoring fairness and equality in sports!,174,John
2024-11-04,OneXOneY,"Doug might be feeling the pressure, but Trumpâ€™s base is fueled by hope and determination for a brighter tomorrow!",93,John
2024-11-05,Cool Christian Engineer ğŸ’¡,"If dems ain't cheating, they ain't winning.",344,Jess
2024-11-05,Cool Christian Engineer ğŸ’¡,Dems can't compete if they don't cheat!,301,Jess
2024-11-05,Cool Christian Engineer ğŸ’¡,TRUMP WILL MAKE AMERICA GREAT AGAIN!!! ğŸ‡ºğŸ‡¸ğŸ‡ºğŸ‡¸ğŸ‡ºğŸ‡¸,85,Jess
2024-11-05,Masculine Based,It's becoming more clear now.,938,Edrian K
2024-11-05,Masculine Based,Biden be like,824,Edrian K
2024-11-05,Masculine Based,Trump 2024!,802,Edrian K
2024-11-05,Barefoot Pregnant,"Kamalaâ€™s meltdown tour, when even the soundtrack canâ€™t handle the chaos!",435,Liz
2024-11-05,Barefoot Pregnant,"Letâ€™s be real, when it comes to preserving our values, voting for Trump is the only way to ensure our kids inherit a country thatâ€™s actually worth living in!",323,Liz
2024-11-05,Barefoot Pregnant,"Kamalaâ€™s backstage, watching the poll numbers drop like the beat.",301,Liz
